"Outcome_variable","Score","Outcome"
"Ecosystem_Services_Index",5.625,"Perceived importance of ecosystem services"
"Restoration_Implementation_Index",3.769230769230769,"Perceived restoration implementation"
"Expected_Outcomes_Index",3.875,"Expected restoration outcomes"
"Public_Support_Index",3.3333333333333335,"Public support for restoration"
"Ecosystem_Services_Index",7.375,"Perceived importance of ecosystem services"
"Public_Support_Index",3.3333333333333335,"Public support for restoration"
"Ecosystem_Services_Index",8.375,"Perceived importance of ecosystem services"
"Restoration_Implementation_Index",3.857142857142857,"Perceived restoration implementation"
"Expected_Outcomes_Index",3.5625,"Expected restoration outcomes"
"Public_Support_Index",5,"Public support for restoration"
"Ecosystem_Services_Index",8.875,"Perceived importance of ecosystem services"
"Restoration_Implementation_Index",3.2857142857142856,"Perceived restoration implementation"
"Expected_Outcomes_Index",4.4375,"Expected restoration outcomes"
"Public_Support_Index",3.1666666666666665,"Public support for restoration"
"Ecosystem_Services_Index",8.125,"Perceived importance of ecosystem services"
"Restoration_Implementation_Index",2.7857142857142856,"Perceived restoration implementation"
"Expected_Outcomes_Index",4.4375,"Expected restoration outcomes"
"Public_Support_Index",3.8333333333333335,"Public support for restoration"
"Ecosystem_Services_Index",8.625,"Perceived importance of ecosystem services"
"Restoration_Implementation_Index",3.2857142857142856,"Perceived restoration implementation"
"Expected_Outcomes_Index",3.4166666666666665,"Expected restoration outcomes"
"Public_Support_Index",1.5,"Public support for restoration"
"Ecosystem_Services_Index",8,"Perceived importance of ecosystem services"
"Expected_Outcomes_Index",4.545454545454546,"Expected restoration outcomes"
"Public_Support_Index",3.5,"Public support for restoration"
"Ecosystem_Services_Index",2.5,"Perceived importance of ecosystem services"
"Restoration_Implementation_Index",3.076923076923077,"Perceived restoration implementation"
"Expected_Outcomes_Index",3,"Expected restoration outcomes"
"Public_Support_Index",2.6666666666666665,"Public support for restoration"
"Ecosystem_Services_Index",9.5,"Perceived importance of ecosystem services"
"Restoration_Implementation_Index",3,"Perceived restoration implementation"
"Expected_Outcomes_Index",3.8125,"Expected restoration outcomes"
"Public_Support_Index",2.3333333333333335,"Public support for restoration"
"Ecosystem_Services_Index",9.375,"Perceived importance of ecosystem services"
"Public_Support_Index",3,"Public support for restoration"
"Ecosystem_Services_Index",8.75,"Perceived importance of ecosystem services"
"Public_Support_Index",5,"Public support for restoration"
"Ecosystem_Services_Index",9.625,"Perceived importance of ecosystem services"
"Restoration_Implementation_Index",4.142857142857143,"Perceived restoration implementation"
"Expected_Outcomes_Index",4,"Expected restoration outcomes"
"Public_Support_Index",3.1666666666666665,"Public support for restoration"
"Ecosystem_Services_Index",10,"Perceived importance of ecosystem services"
"Restoration_Implementation_Index",4.6923076923076925,"Perceived restoration implementation"
"Expected_Outcomes_Index",4.625,"Expected restoration outcomes"
"Public_Support_Index",5,"Public support for restoration"
"Ecosystem_Services_Index",8.375,"Perceived importance of ecosystem services"
"Restoration_Implementation_Index",3,"Perceived restoration implementation"
"Expected_Outcomes_Index",4.625,"Expected restoration outcomes"
"Public_Support_Index",3,"Public support for restoration"
"Ecosystem_Services_Index",8.25,"Perceived importance of ecosystem services"
"Restoration_Implementation_Index",4,"Perceived restoration implementation"
"Public_Support_Index",3.6666666666666665,"Public support for restoration"
"Ecosystem_Services_Index",9.5,"Perceived importance of ecosystem services"
"Restoration_Implementation_Index",4.285714285714286,"Perceived restoration implementation"
"Expected_Outcomes_Index",4.5,"Expected restoration outcomes"
"Public_Support_Index",2.1666666666666665,"Public support for restoration"
"Ecosystem_Services_Index",9.25,"Perceived importance of ecosystem services"
"Restoration_Implementation_Index",3.5714285714285716,"Perceived restoration implementation"
"Expected_Outcomes_Index",3.5625,"Expected restoration outcomes"
"Public_Support_Index",4,"Public support for restoration"
"Ecosystem_Services_Index",9,"Perceived importance of ecosystem services"
"Restoration_Implementation_Index",4.428571428571429,"Perceived restoration implementation"
"Expected_Outcomes_Index",4.25,"Expected restoration outcomes"
"Public_Support_Index",2.8333333333333335,"Public support for restoration"
"Ecosystem_Services_Index",7.375,"Perceived importance of ecosystem services"
"Restoration_Implementation_Index",4.142857142857143,"Perceived restoration implementation"
"Expected_Outcomes_Index",4.4375,"Expected restoration outcomes"
"Public_Support_Index",3.3333333333333335,"Public support for restoration"
"Ecosystem_Services_Index",7.875,"Perceived importance of ecosystem services"
"Restoration_Implementation_Index",3.357142857142857,"Perceived restoration implementation"
"Expected_Outcomes_Index",3.1875,"Expected restoration outcomes"
"Public_Support_Index",3.3333333333333335,"Public support for restoration"
"Ecosystem_Services_Index",8.25,"Perceived importance of ecosystem services"
"Restoration_Implementation_Index",3.5,"Perceived restoration implementation"
"Expected_Outcomes_Index",4.555555555555555,"Expected restoration outcomes"
"Public_Support_Index",4.166666666666667,"Public support for restoration"
"Ecosystem_Services_Index",7.875,"Perceived importance of ecosystem services"
"Public_Support_Index",3.1666666666666665,"Public support for restoration"
"Ecosystem_Services_Index",9.375,"Perceived importance of ecosystem services"
"Expected_Outcomes_Index",3.5,"Expected restoration outcomes"
"Public_Support_Index",3,"Public support for restoration"
"Ecosystem_Services_Index",9.125,"Perceived importance of ecosystem services"
"Restoration_Implementation_Index",2,"Perceived restoration implementation"
"Expected_Outcomes_Index",4.375,"Expected restoration outcomes"
"Public_Support_Index",2.8333333333333335,"Public support for restoration"
"Ecosystem_Services_Index",8.625,"Perceived importance of ecosystem services"
"Restoration_Implementation_Index",3.642857142857143,"Perceived restoration implementation"
"Expected_Outcomes_Index",4.625,"Expected restoration outcomes"
"Public_Support_Index",2,"Public support for restoration"
"Ecosystem_Services_Index",10,"Perceived importance of ecosystem services"
"Restoration_Implementation_Index",3,"Perceived restoration implementation"
"Expected_Outcomes_Index",3,"Expected restoration outcomes"
"Public_Support_Index",2.5,"Public support for restoration"
"Ecosystem_Services_Index",8.25,"Perceived importance of ecosystem services"
"Restoration_Implementation_Index",5,"Perceived restoration implementation"
"Public_Support_Index",3,"Public support for restoration"
"Ecosystem_Services_Index",5,"Perceived importance of ecosystem services"
"Public_Support_Index",3.3333333333333335,"Public support for restoration"
"Ecosystem_Services_Index",9,"Perceived importance of ecosystem services"
"Restoration_Implementation_Index",3.4285714285714284,"Perceived restoration implementation"
"Expected_Outcomes_Index",4.1875,"Expected restoration outcomes"
"Public_Support_Index",3.8333333333333335,"Public support for restoration"
"Ecosystem_Services_Index",7.375,"Perceived importance of ecosystem services"
"Public_Support_Index",3,"Public support for restoration"
"Ecosystem_Services_Index",4.125,"Perceived importance of ecosystem services"
"Restoration_Implementation_Index",3,"Perceived restoration implementation"
"Expected_Outcomes_Index",2.7333333333333334,"Expected restoration outcomes"
"Public_Support_Index",2.8333333333333335,"Public support for restoration"
"Ecosystem_Services_Index",8.375,"Perceived importance of ecosystem services"
"Restoration_Implementation_Index",3.8,"Perceived restoration implementation"
"Expected_Outcomes_Index",4.142857142857143,"Expected restoration outcomes"
"Public_Support_Index",3.8333333333333335,"Public support for restoration"
"Ecosystem_Services_Index",10,"Perceived importance of ecosystem services"
"Restoration_Implementation_Index",3.0714285714285716,"Perceived restoration implementation"
"Expected_Outcomes_Index",4.9375,"Expected restoration outcomes"
"Public_Support_Index",4.833333333333333,"Public support for restoration"
"Ecosystem_Services_Index",6.875,"Perceived importance of ecosystem services"
"Restoration_Implementation_Index",2.357142857142857,"Perceived restoration implementation"
"Expected_Outcomes_Index",3.1875,"Expected restoration outcomes"
"Public_Support_Index",3.8333333333333335,"Public support for restoration"
"Ecosystem_Services_Index",9.25,"Perceived importance of ecosystem services"
"Restoration_Implementation_Index",2.8461538461538463,"Perceived restoration implementation"
"Expected_Outcomes_Index",3.9285714285714284,"Expected restoration outcomes"
"Public_Support_Index",3.3333333333333335,"Public support for restoration"
"Ecosystem_Services_Index",9.5,"Perceived importance of ecosystem services"
"Restoration_Implementation_Index",3.1538461538461537,"Perceived restoration implementation"
"Expected_Outcomes_Index",4.25,"Expected restoration outcomes"
"Public_Support_Index",1.3333333333333333,"Public support for restoration"
"Ecosystem_Services_Index",7.625,"Perceived importance of ecosystem services"
"Restoration_Implementation_Index",4.461538461538462,"Perceived restoration implementation"
"Expected_Outcomes_Index",3.75,"Expected restoration outcomes"
"Public_Support_Index",3.6666666666666665,"Public support for restoration"
"Ecosystem_Services_Index",10,"Perceived importance of ecosystem services"
"Restoration_Implementation_Index",4,"Perceived restoration implementation"
"Expected_Outcomes_Index",2.4375,"Expected restoration outcomes"
"Public_Support_Index",4.166666666666667,"Public support for restoration"
"Ecosystem_Services_Index",5.25,"Perceived importance of ecosystem services"
"Restoration_Implementation_Index",3.6153846153846154,"Perceived restoration implementation"
"Expected_Outcomes_Index",3.933333333333333,"Expected restoration outcomes"
"Public_Support_Index",3.1666666666666665,"Public support for restoration"
"Ecosystem_Services_Index",6.5,"Perceived importance of ecosystem services"
"Restoration_Implementation_Index",2.125,"Perceived restoration implementation"
"Expected_Outcomes_Index",3.1333333333333333,"Expected restoration outcomes"
"Public_Support_Index",2.8333333333333335,"Public support for restoration"
"Ecosystem_Services_Index",9.625,"Perceived importance of ecosystem services"
"Restoration_Implementation_Index",1.6428571428571428,"Perceived restoration implementation"
"Expected_Outcomes_Index",4.777777777777778,"Expected restoration outcomes"
"Public_Support_Index",3.8333333333333335,"Public support for restoration"
"Ecosystem_Services_Index",7.75,"Perceived importance of ecosystem services"
"Restoration_Implementation_Index",3.2222222222222223,"Perceived restoration implementation"
"Expected_Outcomes_Index",4.428571428571429,"Expected restoration outcomes"
"Public_Support_Index",4,"Public support for restoration"
"Ecosystem_Services_Index",8.125,"Perceived importance of ecosystem services"
"Restoration_Implementation_Index",3.8,"Perceived restoration implementation"
"Expected_Outcomes_Index",4.3,"Expected restoration outcomes"
"Public_Support_Index",3.1666666666666665,"Public support for restoration"
"Ecosystem_Services_Index",5.5,"Perceived importance of ecosystem services"
"Public_Support_Index",2.8333333333333335,"Public support for restoration"
"Ecosystem_Services_Index",8.125,"Perceived importance of ecosystem services"
"Expected_Outcomes_Index",2.75,"Expected restoration outcomes"
"Public_Support_Index",1,"Public support for restoration"
"Ecosystem_Services_Index",10,"Perceived importance of ecosystem services"
"Restoration_Implementation_Index",5,"Perceived restoration implementation"
"Expected_Outcomes_Index",5,"Expected restoration outcomes"
"Public_Support_Index",4.333333333333333,"Public support for restoration"
"Ecosystem_Services_Index",10,"Perceived importance of ecosystem services"
"Restoration_Implementation_Index",4.333333333333333,"Perceived restoration implementation"
"Expected_Outcomes_Index",4.3125,"Expected restoration outcomes"
"Public_Support_Index",3.1666666666666665,"Public support for restoration"
"Ecosystem_Services_Index",8.375,"Perceived importance of ecosystem services"
"Restoration_Implementation_Index",3.142857142857143,"Perceived restoration implementation"
"Public_Support_Index",2.6666666666666665,"Public support for restoration"
"Ecosystem_Services_Index",9.375,"Perceived importance of ecosystem services"
"Restoration_Implementation_Index",2.2142857142857144,"Perceived restoration implementation"
"Expected_Outcomes_Index",4.083333333333333,"Expected restoration outcomes"
"Public_Support_Index",2.6666666666666665,"Public support for restoration"
"Ecosystem_Services_Index",9.375,"Perceived importance of ecosystem services"
"Restoration_Implementation_Index",3.5,"Perceived restoration implementation"
"Expected_Outcomes_Index",4,"Expected restoration outcomes"
"Public_Support_Index",2.8333333333333335,"Public support for restoration"
"Ecosystem_Services_Index",7,"Perceived importance of ecosystem services"
"Restoration_Implementation_Index",1,"Perceived restoration implementation"
"Public_Support_Index",3.8333333333333335,"Public support for restoration"
"Ecosystem_Services_Index",9.625,"Perceived importance of ecosystem services"
"Restoration_Implementation_Index",4.444444444444445,"Perceived restoration implementation"
"Expected_Outcomes_Index",4.4375,"Expected restoration outcomes"
"Public_Support_Index",4,"Public support for restoration"
"Ecosystem_Services_Index",6.875,"Perceived importance of ecosystem services"
"Public_Support_Index",2.5,"Public support for restoration"
"Ecosystem_Services_Index",9,"Perceived importance of ecosystem services"
"Restoration_Implementation_Index",3,"Perceived restoration implementation"
"Public_Support_Index",3,"Public support for restoration"
"Ecosystem_Services_Index",8.625,"Perceived importance of ecosystem services"
"Restoration_Implementation_Index",3.4285714285714284,"Perceived restoration implementation"
"Expected_Outcomes_Index",4,"Expected restoration outcomes"
"Public_Support_Index",3.3333333333333335,"Public support for restoration"
"Ecosystem_Services_Index",10,"Perceived importance of ecosystem services"
"Restoration_Implementation_Index",4,"Perceived restoration implementation"
"Public_Support_Index",4.833333333333333,"Public support for restoration"
"Ecosystem_Services_Index",4,"Perceived importance of ecosystem services"
"Restoration_Implementation_Index",2.6923076923076925,"Perceived restoration implementation"
"Expected_Outcomes_Index",2.6923076923076925,"Expected restoration outcomes"
"Ecosystem_Services_Index",8,"Perceived importance of ecosystem services"
"Public_Support_Index",2,"Public support for restoration"
"Ecosystem_Services_Index",7.75,"Perceived importance of ecosystem services"
"Public_Support_Index",2.3333333333333335,"Public support for restoration"
"Ecosystem_Services_Index",9.5,"Perceived importance of ecosystem services"
"Restoration_Implementation_Index",3.6,"Perceived restoration implementation"
"Expected_Outcomes_Index",3.3846153846153846,"Expected restoration outcomes"
"Public_Support_Index",4.333333333333333,"Public support for restoration"
"Ecosystem_Services_Index",8.125,"Perceived importance of ecosystem services"
"Public_Support_Index",3.5,"Public support for restoration"
"Ecosystem_Services_Index",9.25,"Perceived importance of ecosystem services"
"Restoration_Implementation_Index",3.7142857142857144,"Perceived restoration implementation"
"Expected_Outcomes_Index",4.266666666666667,"Expected restoration outcomes"
"Public_Support_Index",3.1666666666666665,"Public support for restoration"
"Ecosystem_Services_Index",7.125,"Perceived importance of ecosystem services"
"Expected_Outcomes_Index",4.222222222222222,"Expected restoration outcomes"
"Public_Support_Index",3,"Public support for restoration"
"Ecosystem_Services_Index",5.5,"Perceived importance of ecosystem services"
"Restoration_Implementation_Index",3.6153846153846154,"Perceived restoration implementation"
"Expected_Outcomes_Index",3.533333333333333,"Expected restoration outcomes"
"Public_Support_Index",3,"Public support for restoration"
"Ecosystem_Services_Index",10,"Perceived importance of ecosystem services"
"Public_Support_Index",3.6666666666666665,"Public support for restoration"
"Ecosystem_Services_Index",8.75,"Perceived importance of ecosystem services"
"Restoration_Implementation_Index",2.2857142857142856,"Perceived restoration implementation"
"Expected_Outcomes_Index",3.625,"Expected restoration outcomes"
"Public_Support_Index",4.333333333333333,"Public support for restoration"
"Ecosystem_Services_Index",8,"Perceived importance of ecosystem services"
"Public_Support_Index",1,"Public support for restoration"
"Ecosystem_Services_Index",9.125,"Perceived importance of ecosystem services"
"Restoration_Implementation_Index",2.9285714285714284,"Perceived restoration implementation"
"Expected_Outcomes_Index",3.75,"Expected restoration outcomes"
"Public_Support_Index",3.3333333333333335,"Public support for restoration"
"Ecosystem_Services_Index",8.125,"Perceived importance of ecosystem services"
"Restoration_Implementation_Index",3.142857142857143,"Perceived restoration implementation"
"Expected_Outcomes_Index",4.75,"Expected restoration outcomes"
"Public_Support_Index",3.8333333333333335,"Public support for restoration"
"Ecosystem_Services_Index",8,"Perceived importance of ecosystem services"
"Public_Support_Index",4,"Public support for restoration"
"Ecosystem_Services_Index",4.5,"Perceived importance of ecosystem services"
"Restoration_Implementation_Index",3.2142857142857144,"Perceived restoration implementation"
"Expected_Outcomes_Index",4.125,"Expected restoration outcomes"
"Public_Support_Index",3,"Public support for restoration"
"Ecosystem_Services_Index",4.375,"Perceived importance of ecosystem services"
"Restoration_Implementation_Index",3.5,"Perceived restoration implementation"
"Expected_Outcomes_Index",2.75,"Expected restoration outcomes"
"Public_Support_Index",3.8333333333333335,"Public support for restoration"
"Ecosystem_Services_Index",9.5,"Perceived importance of ecosystem services"
"Expected_Outcomes_Index",4.5,"Expected restoration outcomes"
"Public_Support_Index",4,"Public support for restoration"
"Ecosystem_Services_Index",7.875,"Perceived importance of ecosystem services"
"Public_Support_Index",2.5,"Public support for restoration"
"Ecosystem_Services_Index",9,"Perceived importance of ecosystem services"
"Restoration_Implementation_Index",4.375,"Perceived restoration implementation"
"Expected_Outcomes_Index",4.8125,"Expected restoration outcomes"
"Public_Support_Index",3.6666666666666665,"Public support for restoration"
"Ecosystem_Services_Index",7.375,"Perceived importance of ecosystem services"
"Restoration_Implementation_Index",3.7777777777777777,"Perceived restoration implementation"
"Expected_Outcomes_Index",4.4,"Expected restoration outcomes"
"Public_Support_Index",3.6666666666666665,"Public support for restoration"
"Ecosystem_Services_Index",6.75,"Perceived importance of ecosystem services"
"Restoration_Implementation_Index",3.5555555555555554,"Perceived restoration implementation"
"Expected_Outcomes_Index",4.066666666666666,"Expected restoration outcomes"
"Public_Support_Index",4,"Public support for restoration"
"Ecosystem_Services_Index",10,"Perceived importance of ecosystem services"
"Restoration_Implementation_Index",3.6923076923076925,"Perceived restoration implementation"
"Expected_Outcomes_Index",3.6875,"Expected restoration outcomes"
"Public_Support_Index",2.1666666666666665,"Public support for restoration"
"Ecosystem_Services_Index",7,"Perceived importance of ecosystem services"
"Restoration_Implementation_Index",3.5,"Perceived restoration implementation"
"Expected_Outcomes_Index",4.1,"Expected restoration outcomes"
"Public_Support_Index",1,"Public support for restoration"
"Ecosystem_Services_Index",6.5,"Perceived importance of ecosystem services"
"Public_Support_Index",2.3333333333333335,"Public support for restoration"
"Ecosystem_Services_Index",9.25,"Perceived importance of ecosystem services"
"Restoration_Implementation_Index",4.166666666666667,"Perceived restoration implementation"
"Expected_Outcomes_Index",3.1875,"Expected restoration outcomes"
"Public_Support_Index",3.6666666666666665,"Public support for restoration"
"Ecosystem_Services_Index",9.5,"Perceived importance of ecosystem services"
"Restoration_Implementation_Index",3.6,"Perceived restoration implementation"
"Expected_Outcomes_Index",4.916666666666667,"Expected restoration outcomes"
"Public_Support_Index",4,"Public support for restoration"
"Ecosystem_Services_Index",9.5,"Perceived importance of ecosystem services"
"Restoration_Implementation_Index",3.357142857142857,"Perceived restoration implementation"
"Expected_Outcomes_Index",4,"Expected restoration outcomes"
"Public_Support_Index",4,"Public support for restoration"
"Ecosystem_Services_Index",6.125,"Perceived importance of ecosystem services"
"Restoration_Implementation_Index",2.4285714285714284,"Perceived restoration implementation"
"Public_Support_Index",3.3333333333333335,"Public support for restoration"
"Ecosystem_Services_Index",8.875,"Perceived importance of ecosystem services"
"Restoration_Implementation_Index",3.142857142857143,"Perceived restoration implementation"
"Expected_Outcomes_Index",4.571428571428571,"Expected restoration outcomes"
"Public_Support_Index",3,"Public support for restoration"
"Ecosystem_Services_Index",6.375,"Perceived importance of ecosystem services"
"Restoration_Implementation_Index",2.357142857142857,"Perceived restoration implementation"
"Expected_Outcomes_Index",3.125,"Expected restoration outcomes"
"Public_Support_Index",2.3333333333333335,"Public support for restoration"
"Ecosystem_Services_Index",5.5,"Perceived importance of ecosystem services"
"Restoration_Implementation_Index",3.357142857142857,"Perceived restoration implementation"
"Expected_Outcomes_Index",3.6875,"Expected restoration outcomes"
"Public_Support_Index",3.3333333333333335,"Public support for restoration"
"Ecosystem_Services_Index",7.75,"Perceived importance of ecosystem services"
"Restoration_Implementation_Index",2.9285714285714284,"Perceived restoration implementation"
"Expected_Outcomes_Index",3,"Expected restoration outcomes"
"Public_Support_Index",2,"Public support for restoration"
"Ecosystem_Services_Index",9.25,"Perceived importance of ecosystem services"
"Expected_Outcomes_Index",4.125,"Expected restoration outcomes"
"Public_Support_Index",2.5,"Public support for restoration"
"Ecosystem_Services_Index",7.875,"Perceived importance of ecosystem services"
"Restoration_Implementation_Index",3.4285714285714284,"Perceived restoration implementation"
"Expected_Outcomes_Index",4.142857142857143,"Expected restoration outcomes"
"Public_Support_Index",3.8333333333333335,"Public support for restoration"
"Ecosystem_Services_Index",8.75,"Perceived importance of ecosystem services"
"Restoration_Implementation_Index",2.0714285714285716,"Perceived restoration implementation"
"Expected_Outcomes_Index",4.533333333333333,"Expected restoration outcomes"
"Public_Support_Index",3.6666666666666665,"Public support for restoration"
"Ecosystem_Services_Index",6.375,"Perceived importance of ecosystem services"
"Restoration_Implementation_Index",3.1,"Perceived restoration implementation"
"Public_Support_Index",3.1666666666666665,"Public support for restoration"
"Ecosystem_Services_Index",9.75,"Perceived importance of ecosystem services"
"Restoration_Implementation_Index",5,"Perceived restoration implementation"
"Expected_Outcomes_Index",5,"Expected restoration outcomes"
"Public_Support_Index",5,"Public support for restoration"
"Ecosystem_Services_Index",8.375,"Perceived importance of ecosystem services"
"Restoration_Implementation_Index",3.8,"Perceived restoration implementation"
"Expected_Outcomes_Index",3.8125,"Expected restoration outcomes"
"Public_Support_Index",3.8333333333333335,"Public support for restoration"
"Ecosystem_Services_Index",8.5,"Perceived importance of ecosystem services"
"Restoration_Implementation_Index",4.571428571428571,"Perceived restoration implementation"
"Expected_Outcomes_Index",4.9375,"Expected restoration outcomes"
"Public_Support_Index",4.5,"Public support for restoration"
"Ecosystem_Services_Index",7,"Perceived importance of ecosystem services"
"Restoration_Implementation_Index",4,"Perceived restoration implementation"
"Expected_Outcomes_Index",4.2727272727272725,"Expected restoration outcomes"
"Public_Support_Index",4.166666666666667,"Public support for restoration"
"Ecosystem_Services_Index",9.75,"Perceived importance of ecosystem services"
"Restoration_Implementation_Index",2.2857142857142856,"Perceived restoration implementation"
"Expected_Outcomes_Index",3.75,"Expected restoration outcomes"
"Public_Support_Index",3.3333333333333335,"Public support for restoration"
"Ecosystem_Services_Index",10,"Perceived importance of ecosystem services"
"Restoration_Implementation_Index",3,"Perceived restoration implementation"
"Expected_Outcomes_Index",4.363636363636363,"Expected restoration outcomes"
"Public_Support_Index",3.3333333333333335,"Public support for restoration"
"Ecosystem_Services_Index",10,"Perceived importance of ecosystem services"
"Restoration_Implementation_Index",3.5714285714285716,"Perceived restoration implementation"
"Expected_Outcomes_Index",5,"Expected restoration outcomes"
"Public_Support_Index",3.5,"Public support for restoration"
"Ecosystem_Services_Index",7.25,"Perceived importance of ecosystem services"
"Restoration_Implementation_Index",3,"Perceived restoration implementation"
"Expected_Outcomes_Index",4.6875,"Expected restoration outcomes"
"Public_Support_Index",3.1666666666666665,"Public support for restoration"
"Ecosystem_Services_Index",10,"Perceived importance of ecosystem services"
"Public_Support_Index",2.8333333333333335,"Public support for restoration"
"Ecosystem_Services_Index",7.5,"Perceived importance of ecosystem services"
"Restoration_Implementation_Index",3.5,"Perceived restoration implementation"
"Expected_Outcomes_Index",3.4,"Expected restoration outcomes"
"Public_Support_Index",3,"Public support for restoration"
"Ecosystem_Services_Index",8.5,"Perceived importance of ecosystem services"
"Restoration_Implementation_Index",2.4166666666666665,"Perceived restoration implementation"
"Expected_Outcomes_Index",4.142857142857143,"Expected restoration outcomes"
"Public_Support_Index",4,"Public support for restoration"
"Ecosystem_Services_Index",8.625,"Perceived importance of ecosystem services"
"Public_Support_Index",2.5,"Public support for restoration"
"Ecosystem_Services_Index",9,"Perceived importance of ecosystem services"
"Expected_Outcomes_Index",4,"Expected restoration outcomes"
"Public_Support_Index",2,"Public support for restoration"
"Ecosystem_Services_Index",8.125,"Perceived importance of ecosystem services"
"Restoration_Implementation_Index",2.642857142857143,"Perceived restoration implementation"
"Expected_Outcomes_Index",3.3125,"Expected restoration outcomes"
"Public_Support_Index",4.166666666666667,"Public support for restoration"
"Ecosystem_Services_Index",9,"Perceived importance of ecosystem services"
"Restoration_Implementation_Index",3.2222222222222223,"Perceived restoration implementation"
"Expected_Outcomes_Index",3.466666666666667,"Expected restoration outcomes"
"Public_Support_Index",3.5,"Public support for restoration"
"Ecosystem_Services_Index",8.125,"Perceived importance of ecosystem services"
"Restoration_Implementation_Index",4.111111111111111,"Perceived restoration implementation"
"Expected_Outcomes_Index",3.4,"Expected restoration outcomes"
"Public_Support_Index",3.1666666666666665,"Public support for restoration"
"Ecosystem_Services_Index",8.25,"Perceived importance of ecosystem services"
"Restoration_Implementation_Index",3.2142857142857144,"Perceived restoration implementation"
"Expected_Outcomes_Index",4.1875,"Expected restoration outcomes"
"Public_Support_Index",4,"Public support for restoration"
"Ecosystem_Services_Index",9.375,"Perceived importance of ecosystem services"
"Restoration_Implementation_Index",2.7857142857142856,"Perceived restoration implementation"
"Expected_Outcomes_Index",2.75,"Expected restoration outcomes"
"Public_Support_Index",3.1666666666666665,"Public support for restoration"
"Ecosystem_Services_Index",8.625,"Perceived importance of ecosystem services"
"Restoration_Implementation_Index",3.4285714285714284,"Perceived restoration implementation"
"Expected_Outcomes_Index",4.555555555555555,"Expected restoration outcomes"
"Public_Support_Index",3.5,"Public support for restoration"
"Ecosystem_Services_Index",7.875,"Perceived importance of ecosystem services"
"Restoration_Implementation_Index",2.2142857142857144,"Perceived restoration implementation"
"Expected_Outcomes_Index",3.6875,"Expected restoration outcomes"
"Public_Support_Index",2.3333333333333335,"Public support for restoration"
"Ecosystem_Services_Index",7.875,"Perceived importance of ecosystem services"
"Public_Support_Index",2.8333333333333335,"Public support for restoration"
"Ecosystem_Services_Index",8.5,"Perceived importance of ecosystem services"
"Restoration_Implementation_Index",3.857142857142857,"Perceived restoration implementation"
"Expected_Outcomes_Index",4.25,"Expected restoration outcomes"
"Public_Support_Index",4.5,"Public support for restoration"
"Ecosystem_Services_Index",8.375,"Perceived importance of ecosystem services"
"Restoration_Implementation_Index",3.4285714285714284,"Perceived restoration implementation"
"Expected_Outcomes_Index",3.75,"Expected restoration outcomes"
"Public_Support_Index",3.5,"Public support for restoration"
"Ecosystem_Services_Index",9,"Perceived importance of ecosystem services"
"Restoration_Implementation_Index",3.2857142857142856,"Perceived restoration implementation"
"Expected_Outcomes_Index",3.625,"Expected restoration outcomes"
"Public_Support_Index",3.6666666666666665,"Public support for restoration"
"Ecosystem_Services_Index",7.375,"Perceived importance of ecosystem services"
"Restoration_Implementation_Index",3.1666666666666665,"Perceived restoration implementation"
"Expected_Outcomes_Index",4.125,"Expected restoration outcomes"
"Public_Support_Index",3.5,"Public support for restoration"
"Ecosystem_Services_Index",7.5,"Perceived importance of ecosystem services"
"Public_Support_Index",2.1666666666666665,"Public support for restoration"
"Ecosystem_Services_Index",8.5,"Perceived importance of ecosystem services"
"Public_Support_Index",3,"Public support for restoration"
"Ecosystem_Services_Index",6.625,"Perceived importance of ecosystem services"
"Restoration_Implementation_Index",3.357142857142857,"Perceived restoration implementation"
"Expected_Outcomes_Index",3.875,"Expected restoration outcomes"
"Public_Support_Index",1,"Public support for restoration"
"Ecosystem_Services_Index",7.125,"Perceived importance of ecosystem services"
"Restoration_Implementation_Index",3.142857142857143,"Perceived restoration implementation"
"Expected_Outcomes_Index",3.5,"Expected restoration outcomes"
"Public_Support_Index",2.3333333333333335,"Public support for restoration"
"Ecosystem_Services_Index",5.125,"Perceived importance of ecosystem services"
"Restoration_Implementation_Index",2.7142857142857144,"Perceived restoration implementation"
"Expected_Outcomes_Index",3.5,"Expected restoration outcomes"
"Public_Support_Index",3.1666666666666665,"Public support for restoration"
"Ecosystem_Services_Index",8.375,"Perceived importance of ecosystem services"
"Restoration_Implementation_Index",2.9285714285714284,"Perceived restoration implementation"
"Expected_Outcomes_Index",4.7272727272727275,"Expected restoration outcomes"
"Public_Support_Index",3.3333333333333335,"Public support for restoration"
"Ecosystem_Services_Index",8,"Perceived importance of ecosystem services"
"Public_Support_Index",2,"Public support for restoration"
"Ecosystem_Services_Index",7.625,"Perceived importance of ecosystem services"
"Restoration_Implementation_Index",3.2,"Perceived restoration implementation"
"Expected_Outcomes_Index",3.8125,"Expected restoration outcomes"
"Public_Support_Index",4.666666666666667,"Public support for restoration"
"Ecosystem_Services_Index",9.75,"Perceived importance of ecosystem services"
"Restoration_Implementation_Index",4.428571428571429,"Perceived restoration implementation"
"Expected_Outcomes_Index",4.6875,"Expected restoration outcomes"
"Public_Support_Index",4.5,"Public support for restoration"
"Ecosystem_Services_Index",8.625,"Perceived importance of ecosystem services"
"Restoration_Implementation_Index",2.5,"Perceived restoration implementation"
"Expected_Outcomes_Index",4,"Expected restoration outcomes"
"Public_Support_Index",3.1666666666666665,"Public support for restoration"
"Ecosystem_Services_Index",6,"Perceived importance of ecosystem services"
"Restoration_Implementation_Index",4,"Perceived restoration implementation"
"Expected_Outcomes_Index",4,"Expected restoration outcomes"
"Public_Support_Index",3,"Public support for restoration"
"Ecosystem_Services_Index",10,"Perceived importance of ecosystem services"
"Restoration_Implementation_Index",3.7857142857142856,"Perceived restoration implementation"
"Expected_Outcomes_Index",4.0625,"Expected restoration outcomes"
"Public_Support_Index",4.166666666666667,"Public support for restoration"
"Ecosystem_Services_Index",6.5,"Perceived importance of ecosystem services"
"Ecosystem_Services_Index",8.25,"Perceived importance of ecosystem services"
"Restoration_Implementation_Index",3.8333333333333335,"Perceived restoration implementation"
"Expected_Outcomes_Index",4.714285714285714,"Expected restoration outcomes"
"Public_Support_Index",4.333333333333333,"Public support for restoration"
"Ecosystem_Services_Index",8.125,"Perceived importance of ecosystem services"
"Restoration_Implementation_Index",2.5714285714285716,"Perceived restoration implementation"
"Expected_Outcomes_Index",3.3125,"Expected restoration outcomes"
"Public_Support_Index",4.5,"Public support for restoration"
"Ecosystem_Services_Index",6.375,"Perceived importance of ecosystem services"
"Restoration_Implementation_Index",4.076923076923077,"Perceived restoration implementation"
"Expected_Outcomes_Index",3.2666666666666666,"Expected restoration outcomes"
"Public_Support_Index",3,"Public support for restoration"
"Ecosystem_Services_Index",8.125,"Perceived importance of ecosystem services"
"Restoration_Implementation_Index",3.7777777777777777,"Perceived restoration implementation"
"Expected_Outcomes_Index",4.4,"Expected restoration outcomes"
"Public_Support_Index",3.6666666666666665,"Public support for restoration"
"Ecosystem_Services_Index",8.25,"Perceived importance of ecosystem services"
"Restoration_Implementation_Index",3.6153846153846154,"Perceived restoration implementation"
"Expected_Outcomes_Index",3.6666666666666665,"Expected restoration outcomes"
"Public_Support_Index",3.5,"Public support for restoration"
"Ecosystem_Services_Index",7.875,"Perceived importance of ecosystem services"
"Expected_Outcomes_Index",4,"Expected restoration outcomes"
"Public_Support_Index",2.3333333333333335,"Public support for restoration"
"Ecosystem_Services_Index",8,"Perceived importance of ecosystem services"
"Restoration_Implementation_Index",2.7857142857142856,"Perceived restoration implementation"
"Expected_Outcomes_Index",3.375,"Expected restoration outcomes"
"Public_Support_Index",2.8333333333333335,"Public support for restoration"
"Ecosystem_Services_Index",8.125,"Perceived importance of ecosystem services"
"Restoration_Implementation_Index",3,"Perceived restoration implementation"
"Expected_Outcomes_Index",4.416666666666667,"Expected restoration outcomes"
"Public_Support_Index",2.8333333333333335,"Public support for restoration"
"Ecosystem_Services_Index",9.5,"Perceived importance of ecosystem services"
"Public_Support_Index",3.5,"Public support for restoration"
"Ecosystem_Services_Index",8.375,"Perceived importance of ecosystem services"
"Restoration_Implementation_Index",3.4615384615384617,"Perceived restoration implementation"
"Expected_Outcomes_Index",4.625,"Expected restoration outcomes"
"Public_Support_Index",4.333333333333333,"Public support for restoration"
"Ecosystem_Services_Index",10,"Perceived importance of ecosystem services"
"Public_Support_Index",3,"Public support for restoration"
"Ecosystem_Services_Index",8.375,"Perceived importance of ecosystem services"
"Public_Support_Index",3.5,"Public support for restoration"
"Ecosystem_Services_Index",8.75,"Perceived importance of ecosystem services"
"Restoration_Implementation_Index",3.5,"Perceived restoration implementation"
"Expected_Outcomes_Index",4.666666666666667,"Expected restoration outcomes"
"Public_Support_Index",4.166666666666667,"Public support for restoration"
"Ecosystem_Services_Index",7,"Perceived importance of ecosystem services"
"Restoration_Implementation_Index",4.25,"Perceived restoration implementation"
"Expected_Outcomes_Index",3.769230769230769,"Expected restoration outcomes"
"Public_Support_Index",3.8333333333333335,"Public support for restoration"
"Ecosystem_Services_Index",10,"Perceived importance of ecosystem services"
"Restoration_Implementation_Index",2.7777777777777777,"Perceived restoration implementation"
"Expected_Outcomes_Index",3,"Expected restoration outcomes"
"Public_Support_Index",3.8333333333333335,"Public support for restoration"
"Ecosystem_Services_Index",5.375,"Perceived importance of ecosystem services"
"Restoration_Implementation_Index",3.1818181818181817,"Perceived restoration implementation"
"Expected_Outcomes_Index",4.083333333333333,"Expected restoration outcomes"
"Public_Support_Index",2.8333333333333335,"Public support for restoration"
"Ecosystem_Services_Index",8.25,"Perceived importance of ecosystem services"
"Restoration_Implementation_Index",4,"Perceived restoration implementation"
"Expected_Outcomes_Index",3.8,"Expected restoration outcomes"
"Public_Support_Index",3.1666666666666665,"Public support for restoration"
"Ecosystem_Services_Index",8.375,"Perceived importance of ecosystem services"
"Restoration_Implementation_Index",3.2857142857142856,"Perceived restoration implementation"
"Expected_Outcomes_Index",4.625,"Expected restoration outcomes"
"Public_Support_Index",3.6666666666666665,"Public support for restoration"
"Ecosystem_Services_Index",7.875,"Perceived importance of ecosystem services"
"Restoration_Implementation_Index",3.6666666666666665,"Perceived restoration implementation"
"Expected_Outcomes_Index",3.5,"Expected restoration outcomes"
"Public_Support_Index",3,"Public support for restoration"
"Ecosystem_Services_Index",8.5,"Perceived importance of ecosystem services"
"Restoration_Implementation_Index",3.642857142857143,"Perceived restoration implementation"
"Expected_Outcomes_Index",3.8125,"Expected restoration outcomes"
"Public_Support_Index",3.6666666666666665,"Public support for restoration"
"Ecosystem_Services_Index",4.875,"Perceived importance of ecosystem services"
"Restoration_Implementation_Index",3.090909090909091,"Perceived restoration implementation"
"Expected_Outcomes_Index",3.1538461538461537,"Expected restoration outcomes"
"Ecosystem_Services_Index",6.25,"Perceived importance of ecosystem services"
"Restoration_Implementation_Index",1.9090909090909092,"Perceived restoration implementation"
"Expected_Outcomes_Index",3,"Expected restoration outcomes"
"Public_Support_Index",3.5,"Public support for restoration"
"Ecosystem_Services_Index",9.625,"Perceived importance of ecosystem services"
"Public_Support_Index",1.6666666666666667,"Public support for restoration"
"Ecosystem_Services_Index",9.125,"Perceived importance of ecosystem services"
"Restoration_Implementation_Index",4.666666666666667,"Perceived restoration implementation"
"Expected_Outcomes_Index",4.846153846153846,"Expected restoration outcomes"
"Public_Support_Index",4,"Public support for restoration"
"Ecosystem_Services_Index",6.75,"Perceived importance of ecosystem services"
"Expected_Outcomes_Index",4.461538461538462,"Expected restoration outcomes"
"Public_Support_Index",3,"Public support for restoration"
"Ecosystem_Services_Index",6.875,"Perceived importance of ecosystem services"
"Restoration_Implementation_Index",3.5714285714285716,"Perceived restoration implementation"
"Expected_Outcomes_Index",4.5625,"Expected restoration outcomes"
"Public_Support_Index",4.5,"Public support for restoration"
"Ecosystem_Services_Index",7.875,"Perceived importance of ecosystem services"
"Public_Support_Index",2.6666666666666665,"Public support for restoration"
"Ecosystem_Services_Index",7.75,"Perceived importance of ecosystem services"
"Restoration_Implementation_Index",2.3333333333333335,"Perceived restoration implementation"
"Public_Support_Index",3,"Public support for restoration"
"Ecosystem_Services_Index",4.5,"Perceived importance of ecosystem services"
"Restoration_Implementation_Index",2.5384615384615383,"Perceived restoration implementation"
"Expected_Outcomes_Index",2.8,"Expected restoration outcomes"
"Public_Support_Index",1.1666666666666667,"Public support for restoration"
"Ecosystem_Services_Index",6,"Perceived importance of ecosystem services"
"Public_Support_Index",1.3333333333333333,"Public support for restoration"
"Ecosystem_Services_Index",9.375,"Perceived importance of ecosystem services"
"Restoration_Implementation_Index",2.4285714285714284,"Perceived restoration implementation"
"Expected_Outcomes_Index",4.1875,"Expected restoration outcomes"
"Public_Support_Index",4,"Public support for restoration"
"Ecosystem_Services_Index",8.125,"Perceived importance of ecosystem services"
"Restoration_Implementation_Index",4.357142857142857,"Perceived restoration implementation"
"Expected_Outcomes_Index",4.571428571428571,"Expected restoration outcomes"
"Public_Support_Index",3,"Public support for restoration"
"Ecosystem_Services_Index",9.125,"Perceived importance of ecosystem services"
"Restoration_Implementation_Index",2.5833333333333335,"Perceived restoration implementation"
"Expected_Outcomes_Index",3.9166666666666665,"Expected restoration outcomes"
"Public_Support_Index",3.5,"Public support for restoration"
"Ecosystem_Services_Index",8.625,"Perceived importance of ecosystem services"
"Restoration_Implementation_Index",2.7142857142857144,"Perceived restoration implementation"
"Expected_Outcomes_Index",3.4375,"Expected restoration outcomes"
"Public_Support_Index",2.5,"Public support for restoration"
"Ecosystem_Services_Index",9.375,"Perceived importance of ecosystem services"
"Restoration_Implementation_Index",5,"Perceived restoration implementation"
"Expected_Outcomes_Index",4.625,"Expected restoration outcomes"
"Public_Support_Index",4.5,"Public support for restoration"
"Ecosystem_Services_Index",8.25,"Perceived importance of ecosystem services"
"Restoration_Implementation_Index",4.214285714285714,"Perceived restoration implementation"
"Expected_Outcomes_Index",4.571428571428571,"Expected restoration outcomes"
"Public_Support_Index",4.166666666666667,"Public support for restoration"
"Ecosystem_Services_Index",9.5,"Perceived importance of ecosystem services"
"Restoration_Implementation_Index",4,"Perceived restoration implementation"
"Expected_Outcomes_Index",4.666666666666667,"Expected restoration outcomes"
"Public_Support_Index",3.1666666666666665,"Public support for restoration"
"Ecosystem_Services_Index",8.125,"Perceived importance of ecosystem services"
"Restoration_Implementation_Index",2.5714285714285716,"Perceived restoration implementation"
"Public_Support_Index",3,"Public support for restoration"
"Ecosystem_Services_Index",7.375,"Perceived importance of ecosystem services"
"Restoration_Implementation_Index",3.142857142857143,"Perceived restoration implementation"
"Expected_Outcomes_Index",4.25,"Expected restoration outcomes"
"Public_Support_Index",3.8333333333333335,"Public support for restoration"
"Ecosystem_Services_Index",9.625,"Perceived importance of ecosystem services"
"Restoration_Implementation_Index",3.5,"Perceived restoration implementation"
"Expected_Outcomes_Index",4.266666666666667,"Expected restoration outcomes"
"Public_Support_Index",3.5,"Public support for restoration"
"Ecosystem_Services_Index",7.125,"Perceived importance of ecosystem services"
"Restoration_Implementation_Index",1.7142857142857142,"Perceived restoration implementation"
"Expected_Outcomes_Index",4.111111111111111,"Expected restoration outcomes"
"Public_Support_Index",1,"Public support for restoration"
"Ecosystem_Services_Index",6.75,"Perceived importance of ecosystem services"
"Public_Support_Index",2.8333333333333335,"Public support for restoration"
"Ecosystem_Services_Index",9.125,"Perceived importance of ecosystem services"
"Expected_Outcomes_Index",3.5555555555555554,"Expected restoration outcomes"
"Public_Support_Index",4.166666666666667,"Public support for restoration"
"Ecosystem_Services_Index",10,"Perceived importance of ecosystem services"
"Restoration_Implementation_Index",4,"Perceived restoration implementation"
"Public_Support_Index",3,"Public support for restoration"
"Ecosystem_Services_Index",9,"Perceived importance of ecosystem services"
"Restoration_Implementation_Index",2.7142857142857144,"Perceived restoration implementation"
"Expected_Outcomes_Index",4,"Expected restoration outcomes"
"Public_Support_Index",4.333333333333333,"Public support for restoration"
"Ecosystem_Services_Index",6.875,"Perceived importance of ecosystem services"
"Restoration_Implementation_Index",2.5,"Perceived restoration implementation"
"Expected_Outcomes_Index",3.6666666666666665,"Expected restoration outcomes"
"Public_Support_Index",1.5,"Public support for restoration"
"Ecosystem_Services_Index",8.375,"Perceived importance of ecosystem services"
"Restoration_Implementation_Index",4.071428571428571,"Perceived restoration implementation"
"Expected_Outcomes_Index",4.25,"Expected restoration outcomes"
"Public_Support_Index",3,"Public support for restoration"
"Ecosystem_Services_Index",8,"Perceived importance of ecosystem services"
"Restoration_Implementation_Index",4.428571428571429,"Perceived restoration implementation"
"Expected_Outcomes_Index",4.4375,"Expected restoration outcomes"
"Public_Support_Index",3.6666666666666665,"Public support for restoration"
"Ecosystem_Services_Index",8.5,"Perceived importance of ecosystem services"
"Restoration_Implementation_Index",3.142857142857143,"Perceived restoration implementation"
"Expected_Outcomes_Index",3.6875,"Expected restoration outcomes"
"Public_Support_Index",2,"Public support for restoration"
"Ecosystem_Services_Index",7.625,"Perceived importance of ecosystem services"
"Restoration_Implementation_Index",2.857142857142857,"Perceived restoration implementation"
"Expected_Outcomes_Index",2.0625,"Expected restoration outcomes"
"Public_Support_Index",3.8333333333333335,"Public support for restoration"
"Ecosystem_Services_Index",8.125,"Perceived importance of ecosystem services"
"Restoration_Implementation_Index",3.5,"Perceived restoration implementation"
"Expected_Outcomes_Index",4,"Expected restoration outcomes"
"Public_Support_Index",4,"Public support for restoration"
"Ecosystem_Services_Index",6.625,"Perceived importance of ecosystem services"
"Restoration_Implementation_Index",3.4285714285714284,"Perceived restoration implementation"
"Expected_Outcomes_Index",4.3125,"Expected restoration outcomes"
"Public_Support_Index",4.333333333333333,"Public support for restoration"
"Ecosystem_Services_Index",5.125,"Perceived importance of ecosystem services"
"Restoration_Implementation_Index",3.090909090909091,"Perceived restoration implementation"
"Expected_Outcomes_Index",3.2857142857142856,"Expected restoration outcomes"
"Public_Support_Index",2.3333333333333335,"Public support for restoration"
"Ecosystem_Services_Index",6.125,"Perceived importance of ecosystem services"
"Restoration_Implementation_Index",2.7857142857142856,"Perceived restoration implementation"
"Expected_Outcomes_Index",3.5625,"Expected restoration outcomes"
"Public_Support_Index",2.6666666666666665,"Public support for restoration"
"Ecosystem_Services_Index",9,"Perceived importance of ecosystem services"
"Expected_Outcomes_Index",3.875,"Expected restoration outcomes"
"Public_Support_Index",3.3333333333333335,"Public support for restoration"
"Ecosystem_Services_Index",2,"Perceived importance of ecosystem services"
"Restoration_Implementation_Index",3.2142857142857144,"Perceived restoration implementation"
"Expected_Outcomes_Index",3,"Expected restoration outcomes"
"Ecosystem_Services_Index",10,"Perceived importance of ecosystem services"
"Restoration_Implementation_Index",2,"Perceived restoration implementation"
"Expected_Outcomes_Index",3.5,"Expected restoration outcomes"
"Public_Support_Index",3.1666666666666665,"Public support for restoration"
"Ecosystem_Services_Index",8.25,"Perceived importance of ecosystem services"
"Restoration_Implementation_Index",3.857142857142857,"Perceived restoration implementation"
"Expected_Outcomes_Index",4.416666666666667,"Expected restoration outcomes"
"Public_Support_Index",3.1666666666666665,"Public support for restoration"
"Ecosystem_Services_Index",8.75,"Perceived importance of ecosystem services"
"Restoration_Implementation_Index",2.7857142857142856,"Perceived restoration implementation"
"Expected_Outcomes_Index",4.090909090909091,"Expected restoration outcomes"
"Public_Support_Index",4.166666666666667,"Public support for restoration"
"Ecosystem_Services_Index",8.25,"Perceived importance of ecosystem services"
"Restoration_Implementation_Index",3.642857142857143,"Perceived restoration implementation"
"Expected_Outcomes_Index",4.3125,"Expected restoration outcomes"
"Public_Support_Index",3.5,"Public support for restoration"
"Ecosystem_Services_Index",7.125,"Perceived importance of ecosystem services"
"Restoration_Implementation_Index",2.357142857142857,"Perceived restoration implementation"
"Expected_Outcomes_Index",3.6666666666666665,"Expected restoration outcomes"
"Public_Support_Index",2.3333333333333335,"Public support for restoration"
"Ecosystem_Services_Index",9.75,"Perceived importance of ecosystem services"
"Restoration_Implementation_Index",4.076923076923077,"Perceived restoration implementation"
"Public_Support_Index",4.333333333333333,"Public support for restoration"
"Ecosystem_Services_Index",8.375,"Perceived importance of ecosystem services"
"Restoration_Implementation_Index",3.1,"Perceived restoration implementation"
"Expected_Outcomes_Index",3.923076923076923,"Expected restoration outcomes"
"Public_Support_Index",3.6666666666666665,"Public support for restoration"
"Ecosystem_Services_Index",8.25,"Perceived importance of ecosystem services"
"Restoration_Implementation_Index",1.7142857142857142,"Perceived restoration implementation"
"Expected_Outcomes_Index",4.2,"Expected restoration outcomes"
"Public_Support_Index",3.6666666666666665,"Public support for restoration"
"Ecosystem_Services_Index",8.125,"Perceived importance of ecosystem services"
"Restoration_Implementation_Index",3.5,"Perceived restoration implementation"
"Expected_Outcomes_Index",4.75,"Expected restoration outcomes"
"Public_Support_Index",3,"Public support for restoration"
"Ecosystem_Services_Index",8.125,"Perceived importance of ecosystem services"
"Restoration_Implementation_Index",4.357142857142857,"Perceived restoration implementation"
"Expected_Outcomes_Index",4.8125,"Expected restoration outcomes"
"Public_Support_Index",3.6666666666666665,"Public support for restoration"
"Ecosystem_Services_Index",8.75,"Perceived importance of ecosystem services"
"Restoration_Implementation_Index",3.111111111111111,"Perceived restoration implementation"
"Expected_Outcomes_Index",4.133333333333334,"Expected restoration outcomes"
"Public_Support_Index",2.6666666666666665,"Public support for restoration"
"Ecosystem_Services_Index",8.875,"Perceived importance of ecosystem services"
"Restoration_Implementation_Index",3.2857142857142856,"Perceived restoration implementation"
"Expected_Outcomes_Index",4.266666666666667,"Expected restoration outcomes"
"Public_Support_Index",4.5,"Public support for restoration"
"Ecosystem_Services_Index",7.5,"Perceived importance of ecosystem services"
"Restoration_Implementation_Index",4,"Perceived restoration implementation"
"Expected_Outcomes_Index",3.1875,"Expected restoration outcomes"
"Public_Support_Index",3,"Public support for restoration"
"Ecosystem_Services_Index",7.75,"Perceived importance of ecosystem services"
"Restoration_Implementation_Index",2.857142857142857,"Perceived restoration implementation"
"Expected_Outcomes_Index",3.5,"Expected restoration outcomes"
"Public_Support_Index",3.8333333333333335,"Public support for restoration"
"Ecosystem_Services_Index",7.5,"Perceived importance of ecosystem services"
"Restoration_Implementation_Index",2.7142857142857144,"Perceived restoration implementation"
"Expected_Outcomes_Index",3.3125,"Expected restoration outcomes"
"Public_Support_Index",3,"Public support for restoration"
"Ecosystem_Services_Index",9.125,"Perceived importance of ecosystem services"
"Restoration_Implementation_Index",3.7142857142857144,"Perceived restoration implementation"
"Expected_Outcomes_Index",3.4166666666666665,"Expected restoration outcomes"
"Public_Support_Index",4.5,"Public support for restoration"
"Ecosystem_Services_Index",10,"Perceived importance of ecosystem services"
"Restoration_Implementation_Index",4.642857142857143,"Perceived restoration implementation"
"Expected_Outcomes_Index",5,"Expected restoration outcomes"
"Public_Support_Index",3.5,"Public support for restoration"
"Ecosystem_Services_Index",8.375,"Perceived importance of ecosystem services"
"Restoration_Implementation_Index",3.2142857142857144,"Perceived restoration implementation"
"Expected_Outcomes_Index",3.8125,"Expected restoration outcomes"
"Public_Support_Index",4,"Public support for restoration"
"Ecosystem_Services_Index",5,"Perceived importance of ecosystem services"
"Restoration_Implementation_Index",2.1538461538461537,"Perceived restoration implementation"
"Expected_Outcomes_Index",3.125,"Expected restoration outcomes"
"Public_Support_Index",3.3333333333333335,"Public support for restoration"
"Ecosystem_Services_Index",9.625,"Perceived importance of ecosystem services"
"Restoration_Implementation_Index",2.888888888888889,"Perceived restoration implementation"
"Expected_Outcomes_Index",4.6923076923076925,"Expected restoration outcomes"
"Public_Support_Index",3.6666666666666665,"Public support for restoration"
"Ecosystem_Services_Index",10,"Perceived importance of ecosystem services"
"Restoration_Implementation_Index",3.5,"Perceived restoration implementation"
"Expected_Outcomes_Index",4.866666666666666,"Expected restoration outcomes"
"Public_Support_Index",4.333333333333333,"Public support for restoration"
"Ecosystem_Services_Index",9.125,"Perceived importance of ecosystem services"
"Restoration_Implementation_Index",3.3076923076923075,"Perceived restoration implementation"
"Expected_Outcomes_Index",3.5625,"Expected restoration outcomes"
"Public_Support_Index",4,"Public support for restoration"
"Ecosystem_Services_Index",8.375,"Perceived importance of ecosystem services"
"Restoration_Implementation_Index",3.6666666666666665,"Perceived restoration implementation"
"Expected_Outcomes_Index",3.533333333333333,"Expected restoration outcomes"
"Public_Support_Index",3.5,"Public support for restoration"
"Ecosystem_Services_Index",8.125,"Perceived importance of ecosystem services"
"Restoration_Implementation_Index",4.444444444444445,"Perceived restoration implementation"
"Public_Support_Index",3.5,"Public support for restoration"
"Ecosystem_Services_Index",8.75,"Perceived importance of ecosystem services"
"Public_Support_Index",4.166666666666667,"Public support for restoration"
"Ecosystem_Services_Index",8.625,"Perceived importance of ecosystem services"
"Restoration_Implementation_Index",2,"Perceived restoration implementation"
"Expected_Outcomes_Index",4,"Expected restoration outcomes"
"Public_Support_Index",3.5,"Public support for restoration"
"Ecosystem_Services_Index",10,"Perceived importance of ecosystem services"
"Restoration_Implementation_Index",3.8461538461538463,"Perceived restoration implementation"
"Expected_Outcomes_Index",4.375,"Expected restoration outcomes"
"Public_Support_Index",4.666666666666667,"Public support for restoration"
"Ecosystem_Services_Index",9.125,"Perceived importance of ecosystem services"
"Restoration_Implementation_Index",3.769230769230769,"Perceived restoration implementation"
"Expected_Outcomes_Index",4.266666666666667,"Expected restoration outcomes"
"Public_Support_Index",3.3333333333333335,"Public support for restoration"
"Ecosystem_Services_Index",9.5,"Perceived importance of ecosystem services"
"Public_Support_Index",4,"Public support for restoration"
"Ecosystem_Services_Index",9.625,"Perceived importance of ecosystem services"
"Restoration_Implementation_Index",3.8333333333333335,"Perceived restoration implementation"
"Expected_Outcomes_Index",4.866666666666666,"Expected restoration outcomes"
"Public_Support_Index",3.1666666666666665,"Public support for restoration"
"Ecosystem_Services_Index",9.25,"Perceived importance of ecosystem services"
"Restoration_Implementation_Index",2.272727272727273,"Perceived restoration implementation"
"Expected_Outcomes_Index",2.8666666666666667,"Expected restoration outcomes"
"Public_Support_Index",3,"Public support for restoration"
"Ecosystem_Services_Index",8.75,"Perceived importance of ecosystem services"
"Restoration_Implementation_Index",3.0714285714285716,"Perceived restoration implementation"
"Expected_Outcomes_Index",2.9375,"Expected restoration outcomes"
"Public_Support_Index",2.8333333333333335,"Public support for restoration"
"Ecosystem_Services_Index",8.75,"Perceived importance of ecosystem services"
"Restoration_Implementation_Index",2.642857142857143,"Perceived restoration implementation"
"Expected_Outcomes_Index",3.6153846153846154,"Expected restoration outcomes"
"Public_Support_Index",2.3333333333333335,"Public support for restoration"
"Ecosystem_Services_Index",8.25,"Perceived importance of ecosystem services"
"Restoration_Implementation_Index",3.8181818181818183,"Perceived restoration implementation"
"Expected_Outcomes_Index",3.7857142857142856,"Expected restoration outcomes"
"Public_Support_Index",4,"Public support for restoration"
"Ecosystem_Services_Index",8,"Perceived importance of ecosystem services"
"Restoration_Implementation_Index",3.4545454545454546,"Perceived restoration implementation"
"Expected_Outcomes_Index",3.625,"Expected restoration outcomes"
"Public_Support_Index",2.6666666666666665,"Public support for restoration"
"Ecosystem_Services_Index",9.5,"Perceived importance of ecosystem services"
"Expected_Outcomes_Index",4.3,"Expected restoration outcomes"
"Public_Support_Index",2.8333333333333335,"Public support for restoration"
"Ecosystem_Services_Index",7.25,"Perceived importance of ecosystem services"
"Expected_Outcomes_Index",4.533333333333333,"Expected restoration outcomes"
"Public_Support_Index",3.1666666666666665,"Public support for restoration"
"Ecosystem_Services_Index",7.375,"Perceived importance of ecosystem services"
"Restoration_Implementation_Index",2.7142857142857144,"Perceived restoration implementation"
"Expected_Outcomes_Index",3.357142857142857,"Expected restoration outcomes"
"Public_Support_Index",1.8333333333333333,"Public support for restoration"
"Ecosystem_Services_Index",7.125,"Perceived importance of ecosystem services"
"Restoration_Implementation_Index",3.0833333333333335,"Perceived restoration implementation"
"Expected_Outcomes_Index",4,"Expected restoration outcomes"
"Public_Support_Index",3,"Public support for restoration"
"Ecosystem_Services_Index",5.625,"Perceived importance of ecosystem services"
"Restoration_Implementation_Index",3,"Perceived restoration implementation"
"Expected_Outcomes_Index",3,"Expected restoration outcomes"
"Public_Support_Index",1.6666666666666667,"Public support for restoration"
"Ecosystem_Services_Index",9.625,"Perceived importance of ecosystem services"
"Expected_Outcomes_Index",3.909090909090909,"Expected restoration outcomes"
"Public_Support_Index",2.3333333333333335,"Public support for restoration"
"Ecosystem_Services_Index",4.875,"Perceived importance of ecosystem services"
"Restoration_Implementation_Index",4.071428571428571,"Perceived restoration implementation"
"Expected_Outcomes_Index",3.8125,"Expected restoration outcomes"
"Public_Support_Index",4.166666666666667,"Public support for restoration"
"Ecosystem_Services_Index",3.875,"Perceived importance of ecosystem services"
"Restoration_Implementation_Index",2.357142857142857,"Perceived restoration implementation"
"Expected_Outcomes_Index",2,"Expected restoration outcomes"
"Public_Support_Index",3,"Public support for restoration"
"Ecosystem_Services_Index",7.75,"Perceived importance of ecosystem services"
"Restoration_Implementation_Index",3,"Perceived restoration implementation"
"Expected_Outcomes_Index",3.5625,"Expected restoration outcomes"
"Public_Support_Index",3.3333333333333335,"Public support for restoration"
"Ecosystem_Services_Index",7.25,"Perceived importance of ecosystem services"
"Restoration_Implementation_Index",2.857142857142857,"Perceived restoration implementation"
"Expected_Outcomes_Index",4.125,"Expected restoration outcomes"
"Public_Support_Index",3,"Public support for restoration"
"Ecosystem_Services_Index",8.875,"Perceived importance of ecosystem services"
"Public_Support_Index",3,"Public support for restoration"
"Ecosystem_Services_Index",8.625,"Perceived importance of ecosystem services"
"Expected_Outcomes_Index",5,"Expected restoration outcomes"
"Public_Support_Index",3.5,"Public support for restoration"
"Ecosystem_Services_Index",10,"Perceived importance of ecosystem services"
"Restoration_Implementation_Index",3.0714285714285716,"Perceived restoration implementation"
"Expected_Outcomes_Index",3.6,"Expected restoration outcomes"
"Public_Support_Index",3,"Public support for restoration"
"Ecosystem_Services_Index",7.5,"Perceived importance of ecosystem services"
"Restoration_Implementation_Index",3.076923076923077,"Perceived restoration implementation"
"Expected_Outcomes_Index",4.2,"Expected restoration outcomes"
"Public_Support_Index",3.3333333333333335,"Public support for restoration"
"Ecosystem_Services_Index",6.125,"Perceived importance of ecosystem services"
"Restoration_Implementation_Index",3,"Perceived restoration implementation"
"Expected_Outcomes_Index",3.3125,"Expected restoration outcomes"
"Public_Support_Index",3,"Public support for restoration"
"Ecosystem_Services_Index",6.25,"Perceived importance of ecosystem services"
"Restoration_Implementation_Index",2.1818181818181817,"Perceived restoration implementation"
"Expected_Outcomes_Index",3.125,"Expected restoration outcomes"
"Public_Support_Index",3.6666666666666665,"Public support for restoration"
"Ecosystem_Services_Index",8.375,"Perceived importance of ecosystem services"
"Public_Support_Index",3,"Public support for restoration"
"Ecosystem_Services_Index",10,"Perceived importance of ecosystem services"
"Restoration_Implementation_Index",2.2142857142857144,"Perceived restoration implementation"
"Expected_Outcomes_Index",3.6875,"Expected restoration outcomes"
"Public_Support_Index",3.5,"Public support for restoration"
"Ecosystem_Services_Index",6.125,"Perceived importance of ecosystem services"
"Restoration_Implementation_Index",4.571428571428571,"Perceived restoration implementation"
"Expected_Outcomes_Index",3.6363636363636362,"Expected restoration outcomes"
"Public_Support_Index",3,"Public support for restoration"
"Ecosystem_Services_Index",9.375,"Perceived importance of ecosystem services"
"Restoration_Implementation_Index",3.6666666666666665,"Perceived restoration implementation"
"Expected_Outcomes_Index",3.727272727272727,"Expected restoration outcomes"
"Public_Support_Index",3.8333333333333335,"Public support for restoration"
"Ecosystem_Services_Index",9.625,"Perceived importance of ecosystem services"
"Restoration_Implementation_Index",3.3636363636363638,"Perceived restoration implementation"
"Expected_Outcomes_Index",3.625,"Expected restoration outcomes"
"Public_Support_Index",4.666666666666667,"Public support for restoration"
"Ecosystem_Services_Index",8.5,"Perceived importance of ecosystem services"
"Restoration_Implementation_Index",4.6923076923076925,"Perceived restoration implementation"
"Expected_Outcomes_Index",4.733333333333333,"Expected restoration outcomes"
"Public_Support_Index",3.6666666666666665,"Public support for restoration"
"Ecosystem_Services_Index",7.75,"Perceived importance of ecosystem services"
"Restoration_Implementation_Index",3.2142857142857144,"Perceived restoration implementation"
"Expected_Outcomes_Index",4,"Expected restoration outcomes"
"Public_Support_Index",3.5,"Public support for restoration"
"Ecosystem_Services_Index",8.375,"Perceived importance of ecosystem services"
"Expected_Outcomes_Index",3.25,"Expected restoration outcomes"
"Public_Support_Index",3.3333333333333335,"Public support for restoration"
"Ecosystem_Services_Index",8.125,"Perceived importance of ecosystem services"
"Expected_Outcomes_Index",3.3125,"Expected restoration outcomes"
"Public_Support_Index",2.8333333333333335,"Public support for restoration"
"Ecosystem_Services_Index",9.75,"Perceived importance of ecosystem services"
"Restoration_Implementation_Index",3.5,"Perceived restoration implementation"
"Expected_Outcomes_Index",3.25,"Expected restoration outcomes"
"Public_Support_Index",2.3333333333333335,"Public support for restoration"
"Ecosystem_Services_Index",5,"Perceived importance of ecosystem services"
"Restoration_Implementation_Index",3,"Perceived restoration implementation"
"Expected_Outcomes_Index",2.125,"Expected restoration outcomes"
"Public_Support_Index",1,"Public support for restoration"
"Ecosystem_Services_Index",10,"Perceived importance of ecosystem services"
"Public_Support_Index",3.8333333333333335,"Public support for restoration"
"Ecosystem_Services_Index",7.5,"Perceived importance of ecosystem services"
"Restoration_Implementation_Index",3.0714285714285716,"Perceived restoration implementation"
"Expected_Outcomes_Index",4.133333333333334,"Expected restoration outcomes"
"Public_Support_Index",2.8333333333333335,"Public support for restoration"
"Ecosystem_Services_Index",9.125,"Perceived importance of ecosystem services"
"Restoration_Implementation_Index",3,"Perceived restoration implementation"
"Expected_Outcomes_Index",3.8,"Expected restoration outcomes"
"Public_Support_Index",3.8333333333333335,"Public support for restoration"
"Ecosystem_Services_Index",9.125,"Perceived importance of ecosystem services"
"Restoration_Implementation_Index",3.7142857142857144,"Perceived restoration implementation"
"Expected_Outcomes_Index",4.5625,"Expected restoration outcomes"
"Public_Support_Index",3.6666666666666665,"Public support for restoration"
"Ecosystem_Services_Index",10,"Perceived importance of ecosystem services"
"Restoration_Implementation_Index",2.5714285714285716,"Perceived restoration implementation"
"Expected_Outcomes_Index",4.769230769230769,"Expected restoration outcomes"
"Public_Support_Index",4.666666666666667,"Public support for restoration"
"Ecosystem_Services_Index",10,"Perceived importance of ecosystem services"
"Restoration_Implementation_Index",2.3636363636363638,"Perceived restoration implementation"
"Expected_Outcomes_Index",3.5714285714285716,"Expected restoration outcomes"
"Public_Support_Index",2.5,"Public support for restoration"
"Ecosystem_Services_Index",10,"Perceived importance of ecosystem services"
"Public_Support_Index",2.8333333333333335,"Public support for restoration"
"Ecosystem_Services_Index",7.25,"Perceived importance of ecosystem services"
"Public_Support_Index",2.6666666666666665,"Public support for restoration"
"Ecosystem_Services_Index",9.5,"Perceived importance of ecosystem services"
"Restoration_Implementation_Index",3.4285714285714284,"Perceived restoration implementation"
"Expected_Outcomes_Index",3.75,"Expected restoration outcomes"
"Public_Support_Index",3.8333333333333335,"Public support for restoration"
"Ecosystem_Services_Index",7.875,"Perceived importance of ecosystem services"
"Restoration_Implementation_Index",4.5,"Perceived restoration implementation"
"Expected_Outcomes_Index",4.5,"Expected restoration outcomes"
"Public_Support_Index",3.5,"Public support for restoration"
"Ecosystem_Services_Index",2.75,"Perceived importance of ecosystem services"
"Restoration_Implementation_Index",4.357142857142857,"Perceived restoration implementation"
"Expected_Outcomes_Index",3.5,"Expected restoration outcomes"
"Public_Support_Index",2.5,"Public support for restoration"
"Ecosystem_Services_Index",10,"Perceived importance of ecosystem services"
"Public_Support_Index",3.6666666666666665,"Public support for restoration"
"Ecosystem_Services_Index",5.25,"Perceived importance of ecosystem services"
"Restoration_Implementation_Index",3.2142857142857144,"Perceived restoration implementation"
"Expected_Outcomes_Index",3.25,"Expected restoration outcomes"
"Public_Support_Index",2.6666666666666665,"Public support for restoration"
"Ecosystem_Services_Index",7.625,"Perceived importance of ecosystem services"
"Expected_Outcomes_Index",3.6875,"Expected restoration outcomes"
"Public_Support_Index",3.5,"Public support for restoration"
"Ecosystem_Services_Index",9.375,"Perceived importance of ecosystem services"
"Restoration_Implementation_Index",4,"Perceived restoration implementation"
"Expected_Outcomes_Index",5,"Expected restoration outcomes"
"Public_Support_Index",2.8333333333333335,"Public support for restoration"
"Ecosystem_Services_Index",10,"Perceived importance of ecosystem services"
"Restoration_Implementation_Index",3.7777777777777777,"Perceived restoration implementation"
"Expected_Outcomes_Index",4.5,"Expected restoration outcomes"
"Public_Support_Index",4.5,"Public support for restoration"
"Ecosystem_Services_Index",7.375,"Perceived importance of ecosystem services"
"Expected_Outcomes_Index",2,"Expected restoration outcomes"
"Public_Support_Index",3.8333333333333335,"Public support for restoration"
"Ecosystem_Services_Index",7.25,"Perceived importance of ecosystem services"
"Restoration_Implementation_Index",3,"Perceived restoration implementation"
"Expected_Outcomes_Index",3.4375,"Expected restoration outcomes"
"Public_Support_Index",3.6666666666666665,"Public support for restoration"
"Ecosystem_Services_Index",7.75,"Perceived importance of ecosystem services"
"Restoration_Implementation_Index",3.5714285714285716,"Perceived restoration implementation"
"Public_Support_Index",3.3333333333333335,"Public support for restoration"
"Ecosystem_Services_Index",8.25,"Perceived importance of ecosystem services"
"Restoration_Implementation_Index",3.857142857142857,"Perceived restoration implementation"
"Expected_Outcomes_Index",4.5,"Expected restoration outcomes"
"Public_Support_Index",4.333333333333333,"Public support for restoration"
"Ecosystem_Services_Index",7,"Perceived importance of ecosystem services"
"Restoration_Implementation_Index",1.0714285714285714,"Perceived restoration implementation"
"Public_Support_Index",1.1666666666666667,"Public support for restoration"
"Ecosystem_Services_Index",10,"Perceived importance of ecosystem services"
"Restoration_Implementation_Index",4.071428571428571,"Perceived restoration implementation"
"Expected_Outcomes_Index",5,"Expected restoration outcomes"
"Public_Support_Index",4,"Public support for restoration"
"Ecosystem_Services_Index",7,"Perceived importance of ecosystem services"
"Expected_Outcomes_Index",3.5714285714285716,"Expected restoration outcomes"
"Public_Support_Index",3.6666666666666665,"Public support for restoration"
"Ecosystem_Services_Index",7.625,"Perceived importance of ecosystem services"
"Restoration_Implementation_Index",3,"Perceived restoration implementation"
"Expected_Outcomes_Index",4,"Expected restoration outcomes"
"Public_Support_Index",2.1666666666666665,"Public support for restoration"
"Ecosystem_Services_Index",10,"Perceived importance of ecosystem services"
"Restoration_Implementation_Index",2.7142857142857144,"Perceived restoration implementation"
"Expected_Outcomes_Index",2.375,"Expected restoration outcomes"
"Public_Support_Index",4.666666666666667,"Public support for restoration"
"Ecosystem_Services_Index",8.125,"Perceived importance of ecosystem services"
"Restoration_Implementation_Index",3.357142857142857,"Perceived restoration implementation"
"Expected_Outcomes_Index",3.2666666666666666,"Expected restoration outcomes"
"Public_Support_Index",3.8333333333333335,"Public support for restoration"
"Ecosystem_Services_Index",9.25,"Perceived importance of ecosystem services"
"Restoration_Implementation_Index",3.8,"Perceived restoration implementation"
"Expected_Outcomes_Index",4.25,"Expected restoration outcomes"
"Public_Support_Index",3.5,"Public support for restoration"
"Ecosystem_Services_Index",7.5,"Perceived importance of ecosystem services"
"Restoration_Implementation_Index",2.3,"Perceived restoration implementation"
"Expected_Outcomes_Index",3.6,"Expected restoration outcomes"
"Public_Support_Index",3.5,"Public support for restoration"
"Ecosystem_Services_Index",8.5,"Perceived importance of ecosystem services"
"Restoration_Implementation_Index",3.2222222222222223,"Perceived restoration implementation"
"Expected_Outcomes_Index",4.333333333333333,"Expected restoration outcomes"
"Public_Support_Index",3.8333333333333335,"Public support for restoration"
"Ecosystem_Services_Index",9.75,"Perceived importance of ecosystem services"
"Restoration_Implementation_Index",3.0714285714285716,"Perceived restoration implementation"
"Expected_Outcomes_Index",3.5625,"Expected restoration outcomes"
"Public_Support_Index",3,"Public support for restoration"
"Ecosystem_Services_Index",8.5,"Perceived importance of ecosystem services"
"Expected_Outcomes_Index",3.5625,"Expected restoration outcomes"
"Public_Support_Index",3.8333333333333335,"Public support for restoration"
"Ecosystem_Services_Index",8.75,"Perceived importance of ecosystem services"
"Restoration_Implementation_Index",4.071428571428571,"Perceived restoration implementation"
"Expected_Outcomes_Index",3.9375,"Expected restoration outcomes"
"Public_Support_Index",4,"Public support for restoration"
"Ecosystem_Services_Index",7.25,"Perceived importance of ecosystem services"
"Restoration_Implementation_Index",2.5555555555555554,"Perceived restoration implementation"
"Expected_Outcomes_Index",3.625,"Expected restoration outcomes"
"Ecosystem_Services_Index",9.5,"Perceived importance of ecosystem services"
"Restoration_Implementation_Index",2.7,"Perceived restoration implementation"
"Expected_Outcomes_Index",4.642857142857143,"Expected restoration outcomes"
"Public_Support_Index",3.8333333333333335,"Public support for restoration"
"Ecosystem_Services_Index",6.625,"Perceived importance of ecosystem services"
"Restoration_Implementation_Index",2.9285714285714284,"Perceived restoration implementation"
"Expected_Outcomes_Index",3.125,"Expected restoration outcomes"
"Public_Support_Index",3.1666666666666665,"Public support for restoration"
"Ecosystem_Services_Index",9.375,"Perceived importance of ecosystem services"
"Restoration_Implementation_Index",3.111111111111111,"Perceived restoration implementation"
"Expected_Outcomes_Index",4.0625,"Expected restoration outcomes"
"Public_Support_Index",4,"Public support for restoration"
"Ecosystem_Services_Index",7.25,"Perceived importance of ecosystem services"
"Restoration_Implementation_Index",3.5,"Perceived restoration implementation"
"Expected_Outcomes_Index",3.875,"Expected restoration outcomes"
"Public_Support_Index",4,"Public support for restoration"
"Ecosystem_Services_Index",6.75,"Perceived importance of ecosystem services"
"Public_Support_Index",3.5,"Public support for restoration"
"Ecosystem_Services_Index",9.5,"Perceived importance of ecosystem services"
"Restoration_Implementation_Index",3.6363636363636362,"Perceived restoration implementation"
"Expected_Outcomes_Index",3.875,"Expected restoration outcomes"
"Public_Support_Index",3.1666666666666665,"Public support for restoration"
"Ecosystem_Services_Index",8.5,"Perceived importance of ecosystem services"
"Restoration_Implementation_Index",2.142857142857143,"Perceived restoration implementation"
"Expected_Outcomes_Index",3.5,"Expected restoration outcomes"
"Public_Support_Index",4.833333333333333,"Public support for restoration"
"Ecosystem_Services_Index",10,"Perceived importance of ecosystem services"
"Public_Support_Index",3,"Public support for restoration"
"Ecosystem_Services_Index",9.75,"Perceived importance of ecosystem services"
"Public_Support_Index",3.6666666666666665,"Public support for restoration"
"Ecosystem_Services_Index",9,"Perceived importance of ecosystem services"
"Restoration_Implementation_Index",3.875,"Perceived restoration implementation"
"Expected_Outcomes_Index",4,"Expected restoration outcomes"
"Public_Support_Index",4.166666666666667,"Public support for restoration"
"Ecosystem_Services_Index",7.875,"Perceived importance of ecosystem services"
"Restoration_Implementation_Index",2.857142857142857,"Perceived restoration implementation"
"Expected_Outcomes_Index",3.25,"Expected restoration outcomes"
"Public_Support_Index",3.1666666666666665,"Public support for restoration"
"Ecosystem_Services_Index",7.125,"Perceived importance of ecosystem services"
"Expected_Outcomes_Index",3.7777777777777777,"Expected restoration outcomes"
"Public_Support_Index",1.8333333333333333,"Public support for restoration"
"Ecosystem_Services_Index",9.5,"Perceived importance of ecosystem services"
"Restoration_Implementation_Index",3.5454545454545454,"Perceived restoration implementation"
"Expected_Outcomes_Index",4.142857142857143,"Expected restoration outcomes"
"Public_Support_Index",3.5,"Public support for restoration"
"Ecosystem_Services_Index",9.125,"Perceived importance of ecosystem services"
"Restoration_Implementation_Index",2.076923076923077,"Perceived restoration implementation"
"Expected_Outcomes_Index",3.375,"Expected restoration outcomes"
"Public_Support_Index",4,"Public support for restoration"
"Ecosystem_Services_Index",8.5,"Perceived importance of ecosystem services"
"Public_Support_Index",3,"Public support for restoration"
"Ecosystem_Services_Index",5.625,"Perceived importance of ecosystem services"
"Public_Support_Index",5,"Public support for restoration"
"Ecosystem_Services_Index",9.875,"Perceived importance of ecosystem services"
"Restoration_Implementation_Index",3.8,"Perceived restoration implementation"
"Expected_Outcomes_Index",4.1,"Expected restoration outcomes"
"Public_Support_Index",3.1666666666666665,"Public support for restoration"
"Ecosystem_Services_Index",9.25,"Perceived importance of ecosystem services"
"Public_Support_Index",2.8333333333333335,"Public support for restoration"
"Ecosystem_Services_Index",8.625,"Perceived importance of ecosystem services"
"Restoration_Implementation_Index",3.0714285714285716,"Perceived restoration implementation"
"Expected_Outcomes_Index",4.25,"Expected restoration outcomes"
"Public_Support_Index",3.6666666666666665,"Public support for restoration"
"Ecosystem_Services_Index",5.75,"Perceived importance of ecosystem services"
"Restoration_Implementation_Index",4.714285714285714,"Perceived restoration implementation"
"Public_Support_Index",2.3333333333333335,"Public support for restoration"
"Ecosystem_Services_Index",10,"Perceived importance of ecosystem services"
"Restoration_Implementation_Index",4.25,"Perceived restoration implementation"
"Expected_Outcomes_Index",5,"Expected restoration outcomes"
"Public_Support_Index",4.333333333333333,"Public support for restoration"
"Ecosystem_Services_Index",9.875,"Perceived importance of ecosystem services"
"Restoration_Implementation_Index",4.5,"Perceived restoration implementation"
"Expected_Outcomes_Index",4.538461538461538,"Expected restoration outcomes"
"Public_Support_Index",3.6666666666666665,"Public support for restoration"
"Ecosystem_Services_Index",9,"Perceived importance of ecosystem services"
"Restoration_Implementation_Index",3.7142857142857144,"Perceived restoration implementation"
"Expected_Outcomes_Index",3.9375,"Expected restoration outcomes"
"Public_Support_Index",3,"Public support for restoration"
"Ecosystem_Services_Index",8.25,"Perceived importance of ecosystem services"
"Restoration_Implementation_Index",4.5,"Perceived restoration implementation"
"Expected_Outcomes_Index",3.5,"Expected restoration outcomes"
"Public_Support_Index",4,"Public support for restoration"
"Ecosystem_Services_Index",9,"Perceived importance of ecosystem services"
"Restoration_Implementation_Index",2.642857142857143,"Perceived restoration implementation"
"Expected_Outcomes_Index",3.5,"Expected restoration outcomes"
"Public_Support_Index",2,"Public support for restoration"
"Ecosystem_Services_Index",7.25,"Perceived importance of ecosystem services"
"Restoration_Implementation_Index",1.5833333333333333,"Perceived restoration implementation"
"Expected_Outcomes_Index",3.125,"Expected restoration outcomes"
"Public_Support_Index",3.1666666666666665,"Public support for restoration"
"Ecosystem_Services_Index",10,"Perceived importance of ecosystem services"
"Restoration_Implementation_Index",4.428571428571429,"Perceived restoration implementation"
"Expected_Outcomes_Index",4.6875,"Expected restoration outcomes"
"Public_Support_Index",3.3333333333333335,"Public support for restoration"
"Ecosystem_Services_Index",10,"Perceived importance of ecosystem services"
"Restoration_Implementation_Index",4,"Perceived restoration implementation"
"Expected_Outcomes_Index",3.2666666666666666,"Expected restoration outcomes"
"Public_Support_Index",3.5,"Public support for restoration"
"Ecosystem_Services_Index",10,"Perceived importance of ecosystem services"
"Restoration_Implementation_Index",4.5,"Perceived restoration implementation"
"Expected_Outcomes_Index",4.714285714285714,"Expected restoration outcomes"
"Public_Support_Index",2.8333333333333335,"Public support for restoration"
"Ecosystem_Services_Index",9.875,"Perceived importance of ecosystem services"
"Restoration_Implementation_Index",3.0714285714285716,"Perceived restoration implementation"
"Expected_Outcomes_Index",2.9285714285714284,"Expected restoration outcomes"
"Public_Support_Index",3.8333333333333335,"Public support for restoration"
"Ecosystem_Services_Index",9.75,"Perceived importance of ecosystem services"
"Restoration_Implementation_Index",2.7857142857142856,"Perceived restoration implementation"
"Public_Support_Index",2.6666666666666665,"Public support for restoration"
"Ecosystem_Services_Index",7.75,"Perceived importance of ecosystem services"
"Restoration_Implementation_Index",3,"Perceived restoration implementation"
"Expected_Outcomes_Index",3.3333333333333335,"Expected restoration outcomes"
"Public_Support_Index",3.6666666666666665,"Public support for restoration"
"Ecosystem_Services_Index",5.125,"Perceived importance of ecosystem services"
"Restoration_Implementation_Index",2,"Perceived restoration implementation"
"Public_Support_Index",2.8333333333333335,"Public support for restoration"
"Ecosystem_Services_Index",8.5,"Perceived importance of ecosystem services"
"Public_Support_Index",3.5,"Public support for restoration"
"Ecosystem_Services_Index",6.375,"Perceived importance of ecosystem services"
"Restoration_Implementation_Index",2.7777777777777777,"Perceived restoration implementation"
"Expected_Outcomes_Index",3.8666666666666667,"Expected restoration outcomes"
"Public_Support_Index",1.8333333333333333,"Public support for restoration"
"Ecosystem_Services_Index",10,"Perceived importance of ecosystem services"
"Restoration_Implementation_Index",4.642857142857143,"Perceived restoration implementation"
"Expected_Outcomes_Index",3.875,"Expected restoration outcomes"
"Public_Support_Index",3.3333333333333335,"Public support for restoration"
"Ecosystem_Services_Index",9.375,"Perceived importance of ecosystem services"
"Restoration_Implementation_Index",3.2,"Perceived restoration implementation"
"Public_Support_Index",2.3333333333333335,"Public support for restoration"
"Ecosystem_Services_Index",9.875,"Perceived importance of ecosystem services"
"Restoration_Implementation_Index",3.0714285714285716,"Perceived restoration implementation"
"Expected_Outcomes_Index",4.857142857142857,"Expected restoration outcomes"
"Public_Support_Index",4.166666666666667,"Public support for restoration"
"Ecosystem_Services_Index",5,"Perceived importance of ecosystem services"
"Public_Support_Index",3.5,"Public support for restoration"
"Ecosystem_Services_Index",8.125,"Perceived importance of ecosystem services"
"Restoration_Implementation_Index",3.9285714285714284,"Perceived restoration implementation"
"Expected_Outcomes_Index",4,"Expected restoration outcomes"
"Public_Support_Index",4.5,"Public support for restoration"
"Ecosystem_Services_Index",9.25,"Perceived importance of ecosystem services"
"Restoration_Implementation_Index",3.5,"Perceived restoration implementation"
"Expected_Outcomes_Index",4.466666666666667,"Expected restoration outcomes"
"Public_Support_Index",3.1666666666666665,"Public support for restoration"
"Ecosystem_Services_Index",7.625,"Perceived importance of ecosystem services"
"Restoration_Implementation_Index",3,"Perceived restoration implementation"
"Expected_Outcomes_Index",3.125,"Expected restoration outcomes"
"Public_Support_Index",2.6666666666666665,"Public support for restoration"
"Ecosystem_Services_Index",5.875,"Perceived importance of ecosystem services"
"Public_Support_Index",3,"Public support for restoration"
"Ecosystem_Services_Index",10,"Perceived importance of ecosystem services"
"Restoration_Implementation_Index",2.642857142857143,"Perceived restoration implementation"
"Expected_Outcomes_Index",5,"Expected restoration outcomes"
"Public_Support_Index",3.8333333333333335,"Public support for restoration"
"Ecosystem_Services_Index",5,"Perceived importance of ecosystem services"
"Public_Support_Index",1,"Public support for restoration"
"Ecosystem_Services_Index",6.875,"Perceived importance of ecosystem services"
"Restoration_Implementation_Index",3.75,"Perceived restoration implementation"
"Expected_Outcomes_Index",3.25,"Expected restoration outcomes"
"Public_Support_Index",2,"Public support for restoration"
"Ecosystem_Services_Index",5.75,"Perceived importance of ecosystem services"
"Restoration_Implementation_Index",3.3846153846153846,"Perceived restoration implementation"
"Expected_Outcomes_Index",3.4,"Expected restoration outcomes"
"Public_Support_Index",3,"Public support for restoration"
"Ecosystem_Services_Index",9.5,"Perceived importance of ecosystem services"
"Public_Support_Index",4.5,"Public support for restoration"
"Ecosystem_Services_Index",7.5,"Perceived importance of ecosystem services"
"Restoration_Implementation_Index",2.6363636363636362,"Perceived restoration implementation"
"Expected_Outcomes_Index",4,"Expected restoration outcomes"
"Public_Support_Index",3.5,"Public support for restoration"
"Ecosystem_Services_Index",7.625,"Perceived importance of ecosystem services"
"Restoration_Implementation_Index",3.2857142857142856,"Perceived restoration implementation"
"Expected_Outcomes_Index",2.3125,"Expected restoration outcomes"
"Public_Support_Index",4,"Public support for restoration"
"Ecosystem_Services_Index",9.25,"Perceived importance of ecosystem services"
"Restoration_Implementation_Index",4,"Perceived restoration implementation"
"Expected_Outcomes_Index",4.357142857142857,"Expected restoration outcomes"
"Public_Support_Index",3.6666666666666665,"Public support for restoration"
"Ecosystem_Services_Index",7.625,"Perceived importance of ecosystem services"
"Restoration_Implementation_Index",3.357142857142857,"Perceived restoration implementation"
"Expected_Outcomes_Index",3.6875,"Expected restoration outcomes"
"Public_Support_Index",2.3333333333333335,"Public support for restoration"
"Ecosystem_Services_Index",9.75,"Perceived importance of ecosystem services"
"Restoration_Implementation_Index",4.714285714285714,"Perceived restoration implementation"
"Expected_Outcomes_Index",4.6875,"Expected restoration outcomes"
"Public_Support_Index",4.666666666666667,"Public support for restoration"
"Ecosystem_Services_Index",9.125,"Perceived importance of ecosystem services"
"Restoration_Implementation_Index",2.272727272727273,"Perceived restoration implementation"
"Expected_Outcomes_Index",2.2142857142857144,"Expected restoration outcomes"
"Public_Support_Index",5,"Public support for restoration"
"Ecosystem_Services_Index",9.25,"Perceived importance of ecosystem services"
"Public_Support_Index",4.333333333333333,"Public support for restoration"
"Ecosystem_Services_Index",8.125,"Perceived importance of ecosystem services"
"Restoration_Implementation_Index",2.5555555555555554,"Perceived restoration implementation"
"Public_Support_Index",2.8333333333333335,"Public support for restoration"
"Ecosystem_Services_Index",7.25,"Perceived importance of ecosystem services"
"Restoration_Implementation_Index",4,"Perceived restoration implementation"
"Expected_Outcomes_Index",3,"Expected restoration outcomes"
"Public_Support_Index",3,"Public support for restoration"
"Ecosystem_Services_Index",7.25,"Perceived importance of ecosystem services"
"Restoration_Implementation_Index",3.4444444444444446,"Perceived restoration implementation"
"Public_Support_Index",3,"Public support for restoration"
"Ecosystem_Services_Index",7.5,"Perceived importance of ecosystem services"
"Restoration_Implementation_Index",2.8181818181818183,"Perceived restoration implementation"
"Expected_Outcomes_Index",3.6875,"Expected restoration outcomes"
"Public_Support_Index",3.3333333333333335,"Public support for restoration"
"Ecosystem_Services_Index",9.25,"Perceived importance of ecosystem services"
"Restoration_Implementation_Index",4,"Perceived restoration implementation"
"Expected_Outcomes_Index",3.769230769230769,"Expected restoration outcomes"
"Public_Support_Index",4.166666666666667,"Public support for restoration"
"Ecosystem_Services_Index",7.625,"Perceived importance of ecosystem services"
"Restoration_Implementation_Index",2.9,"Perceived restoration implementation"
"Expected_Outcomes_Index",3.2142857142857144,"Expected restoration outcomes"
"Public_Support_Index",3.3333333333333335,"Public support for restoration"
"Ecosystem_Services_Index",8.5,"Perceived importance of ecosystem services"
"Restoration_Implementation_Index",2.7142857142857144,"Perceived restoration implementation"
"Expected_Outcomes_Index",4.8,"Expected restoration outcomes"
"Public_Support_Index",3.5,"Public support for restoration"
"Ecosystem_Services_Index",8.125,"Perceived importance of ecosystem services"
"Restoration_Implementation_Index",3.142857142857143,"Perceived restoration implementation"
"Expected_Outcomes_Index",3.3125,"Expected restoration outcomes"
"Public_Support_Index",3,"Public support for restoration"
"Ecosystem_Services_Index",9.75,"Perceived importance of ecosystem services"
"Restoration_Implementation_Index",3.125,"Perceived restoration implementation"
"Public_Support_Index",4.166666666666667,"Public support for restoration"
"Ecosystem_Services_Index",9,"Perceived importance of ecosystem services"
"Restoration_Implementation_Index",3.5,"Perceived restoration implementation"
"Expected_Outcomes_Index",3.5,"Expected restoration outcomes"
"Public_Support_Index",3.5,"Public support for restoration"
"Ecosystem_Services_Index",9.75,"Perceived importance of ecosystem services"
"Restoration_Implementation_Index",3.909090909090909,"Perceived restoration implementation"
"Expected_Outcomes_Index",3.9285714285714284,"Expected restoration outcomes"
"Public_Support_Index",3.8333333333333335,"Public support for restoration"
"Ecosystem_Services_Index",6.75,"Perceived importance of ecosystem services"
"Restoration_Implementation_Index",2.5,"Perceived restoration implementation"
"Expected_Outcomes_Index",3.3333333333333335,"Expected restoration outcomes"
"Public_Support_Index",3,"Public support for restoration"
"Ecosystem_Services_Index",7.25,"Perceived importance of ecosystem services"
"Restoration_Implementation_Index",4,"Perceived restoration implementation"
"Expected_Outcomes_Index",3.7333333333333334,"Expected restoration outcomes"
"Public_Support_Index",3,"Public support for restoration"
"Ecosystem_Services_Index",8.125,"Perceived importance of ecosystem services"
"Public_Support_Index",2.3333333333333335,"Public support for restoration"
"Ecosystem_Services_Index",8.375,"Perceived importance of ecosystem services"
"Restoration_Implementation_Index",3.1666666666666665,"Perceived restoration implementation"
"Expected_Outcomes_Index",3.6153846153846154,"Expected restoration outcomes"
"Public_Support_Index",2.6666666666666665,"Public support for restoration"
"Ecosystem_Services_Index",6.625,"Perceived importance of ecosystem services"
"Restoration_Implementation_Index",2.4285714285714284,"Perceived restoration implementation"
"Expected_Outcomes_Index",3.8666666666666667,"Expected restoration outcomes"
"Public_Support_Index",3.8333333333333335,"Public support for restoration"
"Ecosystem_Services_Index",6.625,"Perceived importance of ecosystem services"
"Expected_Outcomes_Index",3.875,"Expected restoration outcomes"
"Public_Support_Index",4,"Public support for restoration"
"Ecosystem_Services_Index",5.625,"Perceived importance of ecosystem services"
"Restoration_Implementation_Index",3.2142857142857144,"Perceived restoration implementation"
"Expected_Outcomes_Index",3.076923076923077,"Expected restoration outcomes"
"Public_Support_Index",3.3333333333333335,"Public support for restoration"
"Ecosystem_Services_Index",8,"Perceived importance of ecosystem services"
"Public_Support_Index",4,"Public support for restoration"
"Ecosystem_Services_Index",8,"Perceived importance of ecosystem services"
"Restoration_Implementation_Index",3.0714285714285716,"Perceived restoration implementation"
"Expected_Outcomes_Index",3.875,"Expected restoration outcomes"
"Public_Support_Index",2.8333333333333335,"Public support for restoration"
"Ecosystem_Services_Index",7.75,"Perceived importance of ecosystem services"
"Restoration_Implementation_Index",3.5714285714285716,"Perceived restoration implementation"
"Expected_Outcomes_Index",3.6875,"Expected restoration outcomes"
"Public_Support_Index",3.5,"Public support for restoration"
"Ecosystem_Services_Index",6.875,"Perceived importance of ecosystem services"
"Restoration_Implementation_Index",2.142857142857143,"Perceived restoration implementation"
"Expected_Outcomes_Index",3.3125,"Expected restoration outcomes"
"Public_Support_Index",2.3333333333333335,"Public support for restoration"
"Ecosystem_Services_Index",9.375,"Perceived importance of ecosystem services"
"Restoration_Implementation_Index",3.5,"Perceived restoration implementation"
"Expected_Outcomes_Index",3.625,"Expected restoration outcomes"
"Public_Support_Index",3.3333333333333335,"Public support for restoration"
"Ecosystem_Services_Index",9.375,"Perceived importance of ecosystem services"
"Restoration_Implementation_Index",3.8,"Perceived restoration implementation"
"Expected_Outcomes_Index",4.6,"Expected restoration outcomes"
"Public_Support_Index",3.1666666666666665,"Public support for restoration"
"Ecosystem_Services_Index",9.75,"Perceived importance of ecosystem services"
"Restoration_Implementation_Index",3.1818181818181817,"Perceived restoration implementation"
"Expected_Outcomes_Index",3.875,"Expected restoration outcomes"
"Public_Support_Index",4,"Public support for restoration"
"Ecosystem_Services_Index",10,"Perceived importance of ecosystem services"
"Restoration_Implementation_Index",3.7857142857142856,"Perceived restoration implementation"
"Expected_Outcomes_Index",2.75,"Expected restoration outcomes"
"Public_Support_Index",3.1666666666666665,"Public support for restoration"
"Ecosystem_Services_Index",8.625,"Perceived importance of ecosystem services"
"Restoration_Implementation_Index",2.9,"Perceived restoration implementation"
"Expected_Outcomes_Index",4.5,"Expected restoration outcomes"
"Public_Support_Index",3.8333333333333335,"Public support for restoration"
"Ecosystem_Services_Index",10,"Perceived importance of ecosystem services"
"Restoration_Implementation_Index",2,"Perceived restoration implementation"
"Expected_Outcomes_Index",3.8125,"Expected restoration outcomes"
"Public_Support_Index",3,"Public support for restoration"
"Ecosystem_Services_Index",7,"Perceived importance of ecosystem services"
"Restoration_Implementation_Index",3.857142857142857,"Perceived restoration implementation"
"Expected_Outcomes_Index",3.769230769230769,"Expected restoration outcomes"
"Public_Support_Index",3.8333333333333335,"Public support for restoration"
"Ecosystem_Services_Index",7.125,"Perceived importance of ecosystem services"
"Restoration_Implementation_Index",2.7142857142857144,"Perceived restoration implementation"
"Expected_Outcomes_Index",3.5625,"Expected restoration outcomes"
"Public_Support_Index",3.3333333333333335,"Public support for restoration"
"Ecosystem_Services_Index",7.375,"Perceived importance of ecosystem services"
"Restoration_Implementation_Index",3.0714285714285716,"Perceived restoration implementation"
"Public_Support_Index",3.3333333333333335,"Public support for restoration"
"Ecosystem_Services_Index",6.125,"Perceived importance of ecosystem services"
"Restoration_Implementation_Index",2.5,"Perceived restoration implementation"
"Expected_Outcomes_Index",2.2857142857142856,"Expected restoration outcomes"
"Public_Support_Index",2.6666666666666665,"Public support for restoration"
"Ecosystem_Services_Index",10,"Perceived importance of ecosystem services"
"Restoration_Implementation_Index",3.7142857142857144,"Perceived restoration implementation"
"Expected_Outcomes_Index",3.3333333333333335,"Expected restoration outcomes"
"Public_Support_Index",2.6666666666666665,"Public support for restoration"
"Ecosystem_Services_Index",6.75,"Perceived importance of ecosystem services"
"Public_Support_Index",2.8333333333333335,"Public support for restoration"
"Ecosystem_Services_Index",6.75,"Perceived importance of ecosystem services"
"Restoration_Implementation_Index",4.142857142857143,"Perceived restoration implementation"
"Expected_Outcomes_Index",3.1875,"Expected restoration outcomes"
"Public_Support_Index",3.3333333333333335,"Public support for restoration"
"Ecosystem_Services_Index",8,"Perceived importance of ecosystem services"
"Restoration_Implementation_Index",3.4285714285714284,"Perceived restoration implementation"
"Expected_Outcomes_Index",4.75,"Expected restoration outcomes"
"Public_Support_Index",5,"Public support for restoration"
"Ecosystem_Services_Index",6.5,"Perceived importance of ecosystem services"
"Restoration_Implementation_Index",3.2857142857142856,"Perceived restoration implementation"
"Expected_Outcomes_Index",3.5,"Expected restoration outcomes"
"Public_Support_Index",2.1666666666666665,"Public support for restoration"
"Ecosystem_Services_Index",9,"Perceived importance of ecosystem services"
"Restoration_Implementation_Index",3,"Perceived restoration implementation"
"Expected_Outcomes_Index",4.2,"Expected restoration outcomes"
"Public_Support_Index",2.3333333333333335,"Public support for restoration"
"Ecosystem_Services_Index",7.125,"Perceived importance of ecosystem services"
"Expected_Outcomes_Index",1.6666666666666667,"Expected restoration outcomes"
"Public_Support_Index",1.3333333333333333,"Public support for restoration"
"Ecosystem_Services_Index",8.375,"Perceived importance of ecosystem services"
"Restoration_Implementation_Index",3.2857142857142856,"Perceived restoration implementation"
"Public_Support_Index",3.3333333333333335,"Public support for restoration"
"Ecosystem_Services_Index",5.125,"Perceived importance of ecosystem services"
"Restoration_Implementation_Index",3.642857142857143,"Perceived restoration implementation"
"Expected_Outcomes_Index",3.1875,"Expected restoration outcomes"
"Public_Support_Index",3.3333333333333335,"Public support for restoration"
"Ecosystem_Services_Index",8.125,"Perceived importance of ecosystem services"
"Restoration_Implementation_Index",3.2142857142857144,"Perceived restoration implementation"
"Expected_Outcomes_Index",3.75,"Expected restoration outcomes"
"Public_Support_Index",2.5,"Public support for restoration"
"Ecosystem_Services_Index",7.5,"Perceived importance of ecosystem services"
"Restoration_Implementation_Index",2.2857142857142856,"Perceived restoration implementation"
"Expected_Outcomes_Index",2.9375,"Expected restoration outcomes"
"Public_Support_Index",3.3333333333333335,"Public support for restoration"
"Ecosystem_Services_Index",7.75,"Perceived importance of ecosystem services"
"Restoration_Implementation_Index",3.7142857142857144,"Perceived restoration implementation"
"Expected_Outcomes_Index",3.5625,"Expected restoration outcomes"
"Public_Support_Index",3.1666666666666665,"Public support for restoration"
"Ecosystem_Services_Index",5.5,"Perceived importance of ecosystem services"
"Restoration_Implementation_Index",2.7857142857142856,"Perceived restoration implementation"
"Expected_Outcomes_Index",3,"Expected restoration outcomes"
"Public_Support_Index",2.3333333333333335,"Public support for restoration"
"Ecosystem_Services_Index",5,"Perceived importance of ecosystem services"
"Restoration_Implementation_Index",3,"Perceived restoration implementation"
"Expected_Outcomes_Index",3.9,"Expected restoration outcomes"
"Public_Support_Index",2.8333333333333335,"Public support for restoration"
"Ecosystem_Services_Index",9.25,"Perceived importance of ecosystem services"
"Restoration_Implementation_Index",3,"Perceived restoration implementation"
"Expected_Outcomes_Index",3,"Expected restoration outcomes"
"Public_Support_Index",3,"Public support for restoration"
"Ecosystem_Services_Index",8.875,"Perceived importance of ecosystem services"
"Restoration_Implementation_Index",3.857142857142857,"Perceived restoration implementation"
"Expected_Outcomes_Index",4.166666666666667,"Expected restoration outcomes"
"Public_Support_Index",4.166666666666667,"Public support for restoration"
"Ecosystem_Services_Index",9.625,"Perceived importance of ecosystem services"
"Restoration_Implementation_Index",3.4444444444444446,"Perceived restoration implementation"
"Public_Support_Index",2.8333333333333335,"Public support for restoration"
"Ecosystem_Services_Index",5.75,"Perceived importance of ecosystem services"
"Restoration_Implementation_Index",2.857142857142857,"Perceived restoration implementation"
"Expected_Outcomes_Index",3.8125,"Expected restoration outcomes"
"Public_Support_Index",3,"Public support for restoration"
"Ecosystem_Services_Index",7,"Perceived importance of ecosystem services"
"Restoration_Implementation_Index",3.5555555555555554,"Perceived restoration implementation"
"Expected_Outcomes_Index",4.4375,"Expected restoration outcomes"
"Public_Support_Index",1.5,"Public support for restoration"
"Ecosystem_Services_Index",8.375,"Perceived importance of ecosystem services"
"Restoration_Implementation_Index",3.5714285714285716,"Perceived restoration implementation"
"Expected_Outcomes_Index",3.375,"Expected restoration outcomes"
"Public_Support_Index",3.6666666666666665,"Public support for restoration"
"Ecosystem_Services_Index",9.25,"Perceived importance of ecosystem services"
"Restoration_Implementation_Index",3.7142857142857144,"Perceived restoration implementation"
"Expected_Outcomes_Index",4.1875,"Expected restoration outcomes"
"Public_Support_Index",3.8333333333333335,"Public support for restoration"
"Ecosystem_Services_Index",10,"Perceived importance of ecosystem services"
"Public_Support_Index",3,"Public support for restoration"
"Ecosystem_Services_Index",7.25,"Perceived importance of ecosystem services"
"Restoration_Implementation_Index",3,"Perceived restoration implementation"
"Expected_Outcomes_Index",3.4375,"Expected restoration outcomes"
"Public_Support_Index",2,"Public support for restoration"
"Ecosystem_Services_Index",9,"Perceived importance of ecosystem services"
"Public_Support_Index",3.1666666666666665,"Public support for restoration"
"Ecosystem_Services_Index",7.5,"Perceived importance of ecosystem services"
"Public_Support_Index",3.6666666666666665,"Public support for restoration"
"Ecosystem_Services_Index",6.75,"Perceived importance of ecosystem services"
"Restoration_Implementation_Index",3.0714285714285716,"Perceived restoration implementation"
"Expected_Outcomes_Index",4.461538461538462,"Expected restoration outcomes"
"Public_Support_Index",3.8333333333333335,"Public support for restoration"
"Ecosystem_Services_Index",6.75,"Perceived importance of ecosystem services"
"Restoration_Implementation_Index",3.8333333333333335,"Perceived restoration implementation"
"Public_Support_Index",3.3333333333333335,"Public support for restoration"
"Ecosystem_Services_Index",8,"Perceived importance of ecosystem services"
"Restoration_Implementation_Index",4.071428571428571,"Perceived restoration implementation"
"Expected_Outcomes_Index",4.1875,"Expected restoration outcomes"
"Public_Support_Index",4.166666666666667,"Public support for restoration"
"Ecosystem_Services_Index",8.25,"Perceived importance of ecosystem services"
"Restoration_Implementation_Index",3,"Perceived restoration implementation"
"Expected_Outcomes_Index",4,"Expected restoration outcomes"
"Public_Support_Index",2.6666666666666665,"Public support for restoration"
"Ecosystem_Services_Index",8.625,"Perceived importance of ecosystem services"
"Restoration_Implementation_Index",4.142857142857143,"Perceived restoration implementation"
"Expected_Outcomes_Index",3.9375,"Expected restoration outcomes"
"Public_Support_Index",3.5,"Public support for restoration"
"Ecosystem_Services_Index",10,"Perceived importance of ecosystem services"
"Restoration_Implementation_Index",5,"Perceived restoration implementation"
"Expected_Outcomes_Index",4,"Expected restoration outcomes"
"Public_Support_Index",5,"Public support for restoration"
"Ecosystem_Services_Index",8.125,"Perceived importance of ecosystem services"
"Restoration_Implementation_Index",4,"Perceived restoration implementation"
"Expected_Outcomes_Index",4.375,"Expected restoration outcomes"
"Public_Support_Index",3.5,"Public support for restoration"
"Ecosystem_Services_Index",7.125,"Perceived importance of ecosystem services"
"Restoration_Implementation_Index",3.4545454545454546,"Perceived restoration implementation"
"Expected_Outcomes_Index",4.666666666666667,"Expected restoration outcomes"
"Public_Support_Index",3.8333333333333335,"Public support for restoration"
"Ecosystem_Services_Index",8.375,"Perceived importance of ecosystem services"
"Restoration_Implementation_Index",3.3076923076923075,"Perceived restoration implementation"
"Expected_Outcomes_Index",4.153846153846154,"Expected restoration outcomes"
"Public_Support_Index",3.1666666666666665,"Public support for restoration"
"Ecosystem_Services_Index",7.375,"Perceived importance of ecosystem services"
"Restoration_Implementation_Index",3.4166666666666665,"Perceived restoration implementation"
"Expected_Outcomes_Index",3.727272727272727,"Expected restoration outcomes"
"Public_Support_Index",3,"Public support for restoration"
"Ecosystem_Services_Index",7.625,"Perceived importance of ecosystem services"
"Restoration_Implementation_Index",3.857142857142857,"Perceived restoration implementation"
"Expected_Outcomes_Index",4.375,"Expected restoration outcomes"
"Public_Support_Index",4,"Public support for restoration"
"Ecosystem_Services_Index",7.125,"Perceived importance of ecosystem services"
"Restoration_Implementation_Index",3.0714285714285716,"Perceived restoration implementation"
"Expected_Outcomes_Index",3.6666666666666665,"Expected restoration outcomes"
"Public_Support_Index",3,"Public support for restoration"
"Ecosystem_Services_Index",5.875,"Perceived importance of ecosystem services"
"Restoration_Implementation_Index",3.7857142857142856,"Perceived restoration implementation"
"Expected_Outcomes_Index",3.75,"Expected restoration outcomes"
"Public_Support_Index",3.6666666666666665,"Public support for restoration"
"Ecosystem_Services_Index",5.5,"Perceived importance of ecosystem services"
"Restoration_Implementation_Index",2.4615384615384617,"Perceived restoration implementation"
"Expected_Outcomes_Index",2.4375,"Expected restoration outcomes"
"Public_Support_Index",2.6666666666666665,"Public support for restoration"
"Ecosystem_Services_Index",10,"Perceived importance of ecosystem services"
"Restoration_Implementation_Index",3.4615384615384617,"Perceived restoration implementation"
"Expected_Outcomes_Index",3.8125,"Expected restoration outcomes"
"Public_Support_Index",2.8333333333333335,"Public support for restoration"
"Ecosystem_Services_Index",8.625,"Perceived importance of ecosystem services"
"Restoration_Implementation_Index",3.2,"Perceived restoration implementation"
"Expected_Outcomes_Index",3.857142857142857,"Expected restoration outcomes"
"Public_Support_Index",5,"Public support for restoration"
"Ecosystem_Services_Index",6.875,"Perceived importance of ecosystem services"
"Restoration_Implementation_Index",3.7142857142857144,"Perceived restoration implementation"
"Expected_Outcomes_Index",4.0625,"Expected restoration outcomes"
"Public_Support_Index",3.5,"Public support for restoration"
"Ecosystem_Services_Index",7.5,"Perceived importance of ecosystem services"
"Restoration_Implementation_Index",1.9285714285714286,"Perceived restoration implementation"
"Expected_Outcomes_Index",2.125,"Expected restoration outcomes"
"Public_Support_Index",3.8333333333333335,"Public support for restoration"
"Ecosystem_Services_Index",9,"Perceived importance of ecosystem services"
"Restoration_Implementation_Index",4.357142857142857,"Perceived restoration implementation"
"Expected_Outcomes_Index",4.5625,"Expected restoration outcomes"
"Public_Support_Index",4.666666666666667,"Public support for restoration"
"Ecosystem_Services_Index",8.875,"Perceived importance of ecosystem services"
"Public_Support_Index",1.3333333333333333,"Public support for restoration"
"Ecosystem_Services_Index",7.75,"Perceived importance of ecosystem services"
"Restoration_Implementation_Index",2.5,"Perceived restoration implementation"
"Expected_Outcomes_Index",4.1875,"Expected restoration outcomes"
"Public_Support_Index",3.1666666666666665,"Public support for restoration"
"Ecosystem_Services_Index",5.5,"Perceived importance of ecosystem services"
"Restoration_Implementation_Index",4.428571428571429,"Perceived restoration implementation"
"Expected_Outcomes_Index",4.5625,"Expected restoration outcomes"
"Public_Support_Index",3.6666666666666665,"Public support for restoration"
"Ecosystem_Services_Index",7.75,"Perceived importance of ecosystem services"
"Restoration_Implementation_Index",3.0714285714285716,"Perceived restoration implementation"
"Expected_Outcomes_Index",3.5,"Expected restoration outcomes"
"Public_Support_Index",3.1666666666666665,"Public support for restoration"
"Ecosystem_Services_Index",7,"Perceived importance of ecosystem services"
"Public_Support_Index",2,"Public support for restoration"
"Ecosystem_Services_Index",4.125,"Perceived importance of ecosystem services"
"Restoration_Implementation_Index",3.2857142857142856,"Perceived restoration implementation"
"Expected_Outcomes_Index",2.6875,"Expected restoration outcomes"
"Public_Support_Index",2.8333333333333335,"Public support for restoration"
"Ecosystem_Services_Index",8.625,"Perceived importance of ecosystem services"
"Restoration_Implementation_Index",3.75,"Perceived restoration implementation"
"Expected_Outcomes_Index",3.230769230769231,"Expected restoration outcomes"
"Public_Support_Index",2.6666666666666665,"Public support for restoration"
"Ecosystem_Services_Index",9.125,"Perceived importance of ecosystem services"
"Restoration_Implementation_Index",3,"Perceived restoration implementation"
"Expected_Outcomes_Index",2.6875,"Expected restoration outcomes"
"Public_Support_Index",2.3333333333333335,"Public support for restoration"
"Ecosystem_Services_Index",8.5,"Perceived importance of ecosystem services"
"Restoration_Implementation_Index",3.5714285714285716,"Perceived restoration implementation"
"Expected_Outcomes_Index",4,"Expected restoration outcomes"
"Public_Support_Index",4.333333333333333,"Public support for restoration"
"Ecosystem_Services_Index",8.25,"Perceived importance of ecosystem services"
"Restoration_Implementation_Index",3.642857142857143,"Perceived restoration implementation"
"Expected_Outcomes_Index",4.5,"Expected restoration outcomes"
"Public_Support_Index",3.5,"Public support for restoration"
"Ecosystem_Services_Index",9.5,"Perceived importance of ecosystem services"
"Restoration_Implementation_Index",2.5,"Perceived restoration implementation"
"Expected_Outcomes_Index",3.8461538461538463,"Expected restoration outcomes"
"Public_Support_Index",3,"Public support for restoration"
"Ecosystem_Services_Index",7.75,"Perceived importance of ecosystem services"
"Restoration_Implementation_Index",4,"Perceived restoration implementation"
"Expected_Outcomes_Index",4.583333333333333,"Expected restoration outcomes"
"Public_Support_Index",3,"Public support for restoration"
"Ecosystem_Services_Index",7.25,"Perceived importance of ecosystem services"
"Expected_Outcomes_Index",4.928571428571429,"Expected restoration outcomes"
"Public_Support_Index",3.1666666666666665,"Public support for restoration"
"Ecosystem_Services_Index",9.75,"Perceived importance of ecosystem services"
"Restoration_Implementation_Index",2.7857142857142856,"Perceived restoration implementation"
"Expected_Outcomes_Index",4.4375,"Expected restoration outcomes"
"Public_Support_Index",4.666666666666667,"Public support for restoration"
"Ecosystem_Services_Index",9.75,"Perceived importance of ecosystem services"
"Restoration_Implementation_Index",3,"Perceived restoration implementation"
"Expected_Outcomes_Index",4.222222222222222,"Expected restoration outcomes"
"Public_Support_Index",4,"Public support for restoration"
"Ecosystem_Services_Index",6.875,"Perceived importance of ecosystem services"
"Restoration_Implementation_Index",3,"Perceived restoration implementation"
"Expected_Outcomes_Index",3.923076923076923,"Expected restoration outcomes"
"Public_Support_Index",3.6666666666666665,"Public support for restoration"
"Ecosystem_Services_Index",9.25,"Perceived importance of ecosystem services"
"Restoration_Implementation_Index",2.7142857142857144,"Perceived restoration implementation"
"Expected_Outcomes_Index",3.3333333333333335,"Expected restoration outcomes"
"Public_Support_Index",3.8333333333333335,"Public support for restoration"
"Ecosystem_Services_Index",9.375,"Perceived importance of ecosystem services"
"Restoration_Implementation_Index",4,"Perceived restoration implementation"
"Expected_Outcomes_Index",4.416666666666667,"Expected restoration outcomes"
"Public_Support_Index",4.666666666666667,"Public support for restoration"
"Ecosystem_Services_Index",8.75,"Perceived importance of ecosystem services"
"Restoration_Implementation_Index",3.25,"Perceived restoration implementation"
"Expected_Outcomes_Index",4.3125,"Expected restoration outcomes"
"Public_Support_Index",2.8333333333333335,"Public support for restoration"
"Ecosystem_Services_Index",9.625,"Perceived importance of ecosystem services"
"Restoration_Implementation_Index",4.2727272727272725,"Perceived restoration implementation"
"Expected_Outcomes_Index",4.5,"Expected restoration outcomes"
"Public_Support_Index",3.5,"Public support for restoration"
"Ecosystem_Services_Index",9.5,"Perceived importance of ecosystem services"
"Restoration_Implementation_Index",3.6666666666666665,"Perceived restoration implementation"
"Expected_Outcomes_Index",4.923076923076923,"Expected restoration outcomes"
"Public_Support_Index",3.5,"Public support for restoration"
"Ecosystem_Services_Index",4.125,"Perceived importance of ecosystem services"
"Restoration_Implementation_Index",5,"Perceived restoration implementation"
"Public_Support_Index",4.5,"Public support for restoration"
"Ecosystem_Services_Index",8.125,"Perceived importance of ecosystem services"
"Restoration_Implementation_Index",3.2222222222222223,"Perceived restoration implementation"
"Expected_Outcomes_Index",4.357142857142857,"Expected restoration outcomes"
"Public_Support_Index",3,"Public support for restoration"
"Ecosystem_Services_Index",10,"Perceived importance of ecosystem services"
"Restoration_Implementation_Index",5,"Perceived restoration implementation"
"Expected_Outcomes_Index",2.1333333333333333,"Expected restoration outcomes"
"Public_Support_Index",5,"Public support for restoration"
"Ecosystem_Services_Index",10,"Perceived importance of ecosystem services"
"Restoration_Implementation_Index",3,"Perceived restoration implementation"
"Expected_Outcomes_Index",3,"Expected restoration outcomes"
"Public_Support_Index",1,"Public support for restoration"
"Ecosystem_Services_Index",8.375,"Perceived importance of ecosystem services"
"Restoration_Implementation_Index",3.6363636363636362,"Perceived restoration implementation"
"Expected_Outcomes_Index",3.2857142857142856,"Expected restoration outcomes"
"Public_Support_Index",1.3333333333333333,"Public support for restoration"
"Ecosystem_Services_Index",9.5,"Perceived importance of ecosystem services"
"Restoration_Implementation_Index",4,"Perceived restoration implementation"
"Expected_Outcomes_Index",4.8125,"Expected restoration outcomes"
"Public_Support_Index",5,"Public support for restoration"
"Ecosystem_Services_Index",8.625,"Perceived importance of ecosystem services"
"Restoration_Implementation_Index",2,"Perceived restoration implementation"
"Public_Support_Index",1.8333333333333333,"Public support for restoration"
"Ecosystem_Services_Index",9.125,"Perceived importance of ecosystem services"
"Restoration_Implementation_Index",2.5714285714285716,"Perceived restoration implementation"
"Expected_Outcomes_Index",3.625,"Expected restoration outcomes"
"Public_Support_Index",3.8333333333333335,"Public support for restoration"
"Ecosystem_Services_Index",7.875,"Perceived importance of ecosystem services"
"Expected_Outcomes_Index",4.538461538461538,"Expected restoration outcomes"
"Public_Support_Index",2.3333333333333335,"Public support for restoration"
"Ecosystem_Services_Index",8.375,"Perceived importance of ecosystem services"
"Restoration_Implementation_Index",3.4444444444444446,"Perceived restoration implementation"
"Expected_Outcomes_Index",4.25,"Expected restoration outcomes"
"Public_Support_Index",4.166666666666667,"Public support for restoration"
"Ecosystem_Services_Index",8.5,"Perceived importance of ecosystem services"
"Expected_Outcomes_Index",3.4545454545454546,"Expected restoration outcomes"
"Public_Support_Index",2.6666666666666665,"Public support for restoration"
"Ecosystem_Services_Index",10,"Perceived importance of ecosystem services"
"Restoration_Implementation_Index",3,"Perceived restoration implementation"
"Public_Support_Index",4,"Public support for restoration"
"Ecosystem_Services_Index",8.625,"Perceived importance of ecosystem services"
"Public_Support_Index",3.5,"Public support for restoration"
"Ecosystem_Services_Index",9,"Perceived importance of ecosystem services"
"Restoration_Implementation_Index",3.0833333333333335,"Perceived restoration implementation"
"Expected_Outcomes_Index",3.25,"Expected restoration outcomes"
"Public_Support_Index",3.6666666666666665,"Public support for restoration"
"Ecosystem_Services_Index",9,"Perceived importance of ecosystem services"
"Restoration_Implementation_Index",2,"Perceived restoration implementation"
"Public_Support_Index",3.1666666666666665,"Public support for restoration"
"Ecosystem_Services_Index",9.125,"Perceived importance of ecosystem services"
"Public_Support_Index",3,"Public support for restoration"
"Ecosystem_Services_Index",5,"Perceived importance of ecosystem services"
"Restoration_Implementation_Index",3.230769230769231,"Perceived restoration implementation"
"Expected_Outcomes_Index",3.5,"Expected restoration outcomes"
"Public_Support_Index",3.1666666666666665,"Public support for restoration"
"Ecosystem_Services_Index",7.25,"Perceived importance of ecosystem services"
"Restoration_Implementation_Index",2.909090909090909,"Perceived restoration implementation"
"Expected_Outcomes_Index",3.888888888888889,"Expected restoration outcomes"
"Public_Support_Index",3.3333333333333335,"Public support for restoration"
"Ecosystem_Services_Index",8.5,"Perceived importance of ecosystem services"
"Restoration_Implementation_Index",3.0714285714285716,"Perceived restoration implementation"
"Expected_Outcomes_Index",3,"Expected restoration outcomes"
"Public_Support_Index",3,"Public support for restoration"
"Ecosystem_Services_Index",10,"Perceived importance of ecosystem services"
"Public_Support_Index",3.3333333333333335,"Public support for restoration"
"Ecosystem_Services_Index",10,"Perceived importance of ecosystem services"
"Restoration_Implementation_Index",3.0714285714285716,"Perceived restoration implementation"
"Expected_Outcomes_Index",4.5,"Expected restoration outcomes"
"Public_Support_Index",3.1666666666666665,"Public support for restoration"
"Ecosystem_Services_Index",8.875,"Perceived importance of ecosystem services"
"Public_Support_Index",2.3333333333333335,"Public support for restoration"
"Ecosystem_Services_Index",9.375,"Perceived importance of ecosystem services"
"Restoration_Implementation_Index",2.7142857142857144,"Perceived restoration implementation"
"Expected_Outcomes_Index",3.1875,"Expected restoration outcomes"
"Public_Support_Index",3.3333333333333335,"Public support for restoration"
"Ecosystem_Services_Index",7,"Perceived importance of ecosystem services"
"Expected_Outcomes_Index",3.5625,"Expected restoration outcomes"
"Public_Support_Index",3,"Public support for restoration"
"Ecosystem_Services_Index",9.25,"Perceived importance of ecosystem services"
"Restoration_Implementation_Index",2.769230769230769,"Perceived restoration implementation"
"Expected_Outcomes_Index",3.75,"Expected restoration outcomes"
"Public_Support_Index",3,"Public support for restoration"
"Ecosystem_Services_Index",9,"Perceived importance of ecosystem services"
"Restoration_Implementation_Index",2,"Perceived restoration implementation"
"Expected_Outcomes_Index",4.75,"Expected restoration outcomes"
"Public_Support_Index",3.3333333333333335,"Public support for restoration"
"Ecosystem_Services_Index",8.375,"Perceived importance of ecosystem services"
"Restoration_Implementation_Index",3.4285714285714284,"Perceived restoration implementation"
"Expected_Outcomes_Index",3.2142857142857144,"Expected restoration outcomes"
"Public_Support_Index",2.8333333333333335,"Public support for restoration"
"Ecosystem_Services_Index",5,"Perceived importance of ecosystem services"
"Restoration_Implementation_Index",2.7142857142857144,"Perceived restoration implementation"
"Expected_Outcomes_Index",2.9375,"Expected restoration outcomes"
"Public_Support_Index",3,"Public support for restoration"
"Ecosystem_Services_Index",3.5,"Perceived importance of ecosystem services"
"Restoration_Implementation_Index",3.357142857142857,"Perceived restoration implementation"
"Expected_Outcomes_Index",3.3125,"Expected restoration outcomes"
"Public_Support_Index",2.8333333333333335,"Public support for restoration"
"Ecosystem_Services_Index",9,"Perceived importance of ecosystem services"
"Restoration_Implementation_Index",2.0714285714285716,"Perceived restoration implementation"
"Expected_Outcomes_Index",1.875,"Expected restoration outcomes"
"Public_Support_Index",4.166666666666667,"Public support for restoration"
"Ecosystem_Services_Index",7.375,"Perceived importance of ecosystem services"
"Restoration_Implementation_Index",3.7857142857142856,"Perceived restoration implementation"
"Expected_Outcomes_Index",5,"Expected restoration outcomes"
"Public_Support_Index",3.1666666666666665,"Public support for restoration"
"Ecosystem_Services_Index",9.25,"Perceived importance of ecosystem services"
"Restoration_Implementation_Index",4,"Perceived restoration implementation"
"Expected_Outcomes_Index",3.9375,"Expected restoration outcomes"
"Public_Support_Index",3,"Public support for restoration"
"Ecosystem_Services_Index",7,"Perceived importance of ecosystem services"
"Restoration_Implementation_Index",4,"Perceived restoration implementation"
"Expected_Outcomes_Index",4.1875,"Expected restoration outcomes"
"Ecosystem_Services_Index",7.625,"Perceived importance of ecosystem services"
"Restoration_Implementation_Index",2.2857142857142856,"Perceived restoration implementation"
"Public_Support_Index",3.1666666666666665,"Public support for restoration"
"Ecosystem_Services_Index",8.5,"Perceived importance of ecosystem services"
"Restoration_Implementation_Index",2.909090909090909,"Perceived restoration implementation"
"Expected_Outcomes_Index",3.466666666666667,"Expected restoration outcomes"
"Public_Support_Index",3.1666666666666665,"Public support for restoration"
"Ecosystem_Services_Index",8.75,"Perceived importance of ecosystem services"
"Restoration_Implementation_Index",4.785714285714286,"Perceived restoration implementation"
"Expected_Outcomes_Index",4.8125,"Expected restoration outcomes"
"Public_Support_Index",4.333333333333333,"Public support for restoration"
"Ecosystem_Services_Index",6.5,"Perceived importance of ecosystem services"
"Expected_Outcomes_Index",4.166666666666667,"Expected restoration outcomes"
"Ecosystem_Services_Index",7.875,"Perceived importance of ecosystem services"
"Restoration_Implementation_Index",4.071428571428571,"Perceived restoration implementation"
"Expected_Outcomes_Index",3.8125,"Expected restoration outcomes"
"Public_Support_Index",4,"Public support for restoration"
"Ecosystem_Services_Index",8.5,"Perceived importance of ecosystem services"
"Restoration_Implementation_Index",3,"Perceived restoration implementation"
"Expected_Outcomes_Index",3.4375,"Expected restoration outcomes"
"Public_Support_Index",2.8333333333333335,"Public support for restoration"
"Ecosystem_Services_Index",9.5,"Perceived importance of ecosystem services"
"Restoration_Implementation_Index",3.5,"Perceived restoration implementation"
"Expected_Outcomes_Index",4.625,"Expected restoration outcomes"
"Public_Support_Index",3.1666666666666665,"Public support for restoration"
"Ecosystem_Services_Index",7.625,"Perceived importance of ecosystem services"
"Restoration_Implementation_Index",2.5714285714285716,"Perceived restoration implementation"
"Expected_Outcomes_Index",3.3125,"Expected restoration outcomes"
"Public_Support_Index",3,"Public support for restoration"
"Ecosystem_Services_Index",5,"Perceived importance of ecosystem services"
"Restoration_Implementation_Index",3.4615384615384617,"Perceived restoration implementation"
"Expected_Outcomes_Index",3.2666666666666666,"Expected restoration outcomes"
"Public_Support_Index",3,"Public support for restoration"
"Ecosystem_Services_Index",10,"Perceived importance of ecosystem services"
"Restoration_Implementation_Index",4.777777777777778,"Perceived restoration implementation"
"Expected_Outcomes_Index",5,"Expected restoration outcomes"
"Public_Support_Index",4.166666666666667,"Public support for restoration"
"Ecosystem_Services_Index",7.5,"Perceived importance of ecosystem services"
"Expected_Outcomes_Index",4,"Expected restoration outcomes"
"Public_Support_Index",2.1666666666666665,"Public support for restoration"
"Ecosystem_Services_Index",8.875,"Perceived importance of ecosystem services"
"Restoration_Implementation_Index",2.857142857142857,"Perceived restoration implementation"
"Expected_Outcomes_Index",3.6875,"Expected restoration outcomes"
"Public_Support_Index",3.3333333333333335,"Public support for restoration"
"Ecosystem_Services_Index",9.5,"Perceived importance of ecosystem services"
"Expected_Outcomes_Index",4.818181818181818,"Expected restoration outcomes"
"Public_Support_Index",3.6666666666666665,"Public support for restoration"
"Ecosystem_Services_Index",8.875,"Perceived importance of ecosystem services"
"Public_Support_Index",3.1666666666666665,"Public support for restoration"
"Ecosystem_Services_Index",8,"Perceived importance of ecosystem services"
"Restoration_Implementation_Index",2.8,"Perceived restoration implementation"
"Expected_Outcomes_Index",3.5,"Expected restoration outcomes"
"Public_Support_Index",3.5,"Public support for restoration"
"Ecosystem_Services_Index",7.125,"Perceived importance of ecosystem services"
"Public_Support_Index",2.1666666666666665,"Public support for restoration"
"Ecosystem_Services_Index",7.375,"Perceived importance of ecosystem services"
"Restoration_Implementation_Index",3.857142857142857,"Perceived restoration implementation"
"Expected_Outcomes_Index",3.9375,"Expected restoration outcomes"
"Public_Support_Index",3.6666666666666665,"Public support for restoration"
"Ecosystem_Services_Index",6.625,"Perceived importance of ecosystem services"
"Restoration_Implementation_Index",3.2222222222222223,"Perceived restoration implementation"
"Expected_Outcomes_Index",3.0625,"Expected restoration outcomes"
"Ecosystem_Services_Index",8.75,"Perceived importance of ecosystem services"
"Restoration_Implementation_Index",2.9285714285714284,"Perceived restoration implementation"
"Expected_Outcomes_Index",3.1538461538461537,"Expected restoration outcomes"
"Public_Support_Index",3.8333333333333335,"Public support for restoration"
"Ecosystem_Services_Index",9.75,"Perceived importance of ecosystem services"
"Restoration_Implementation_Index",3.8461538461538463,"Perceived restoration implementation"
"Expected_Outcomes_Index",4.125,"Expected restoration outcomes"
"Public_Support_Index",4.333333333333333,"Public support for restoration"
"Ecosystem_Services_Index",8.125,"Perceived importance of ecosystem services"
"Restoration_Implementation_Index",2.7857142857142856,"Perceived restoration implementation"
"Expected_Outcomes_Index",4.285714285714286,"Expected restoration outcomes"
"Public_Support_Index",2,"Public support for restoration"
"Ecosystem_Services_Index",6.125,"Perceived importance of ecosystem services"
"Restoration_Implementation_Index",2.4285714285714284,"Perceived restoration implementation"
"Expected_Outcomes_Index",3.6875,"Expected restoration outcomes"
"Public_Support_Index",2.6666666666666665,"Public support for restoration"
"Ecosystem_Services_Index",5,"Perceived importance of ecosystem services"
"Restoration_Implementation_Index",3.3333333333333335,"Perceived restoration implementation"
"Expected_Outcomes_Index",3.272727272727273,"Expected restoration outcomes"
"Public_Support_Index",2.5,"Public support for restoration"
"Ecosystem_Services_Index",6,"Perceived importance of ecosystem services"
"Restoration_Implementation_Index",2.5714285714285716,"Perceived restoration implementation"
"Expected_Outcomes_Index",4.071428571428571,"Expected restoration outcomes"
"Public_Support_Index",3.1666666666666665,"Public support for restoration"
"Ecosystem_Services_Index",9.5,"Perceived importance of ecosystem services"
"Restoration_Implementation_Index",2.2142857142857144,"Perceived restoration implementation"
"Expected_Outcomes_Index",4,"Expected restoration outcomes"
"Public_Support_Index",3.1666666666666665,"Public support for restoration"
"Ecosystem_Services_Index",7.625,"Perceived importance of ecosystem services"
"Expected_Outcomes_Index",4.454545454545454,"Expected restoration outcomes"
"Public_Support_Index",2,"Public support for restoration"
"Ecosystem_Services_Index",8.25,"Perceived importance of ecosystem services"
"Restoration_Implementation_Index",3.2857142857142856,"Perceived restoration implementation"
"Expected_Outcomes_Index",3.5625,"Expected restoration outcomes"
"Public_Support_Index",2.3333333333333335,"Public support for restoration"
"Ecosystem_Services_Index",8.25,"Perceived importance of ecosystem services"
"Restoration_Implementation_Index",2.769230769230769,"Perceived restoration implementation"
"Expected_Outcomes_Index",3.4375,"Expected restoration outcomes"
"Public_Support_Index",3.8333333333333335,"Public support for restoration"
"Ecosystem_Services_Index",7.75,"Perceived importance of ecosystem services"
"Restoration_Implementation_Index",2.9,"Perceived restoration implementation"
"Expected_Outcomes_Index",3.6666666666666665,"Expected restoration outcomes"
"Public_Support_Index",2.6666666666666665,"Public support for restoration"
"Ecosystem_Services_Index",5.25,"Perceived importance of ecosystem services"
"Restoration_Implementation_Index",2.642857142857143,"Perceived restoration implementation"
"Expected_Outcomes_Index",2.125,"Expected restoration outcomes"
"Public_Support_Index",2,"Public support for restoration"
"Ecosystem_Services_Index",9.75,"Perceived importance of ecosystem services"
"Restoration_Implementation_Index",3.642857142857143,"Perceived restoration implementation"
"Expected_Outcomes_Index",3.6875,"Expected restoration outcomes"
"Public_Support_Index",4.166666666666667,"Public support for restoration"
"Ecosystem_Services_Index",10,"Perceived importance of ecosystem services"
"Restoration_Implementation_Index",3,"Perceived restoration implementation"
"Expected_Outcomes_Index",3.9375,"Expected restoration outcomes"
"Public_Support_Index",4.833333333333333,"Public support for restoration"
"Ecosystem_Services_Index",6.625,"Perceived importance of ecosystem services"
"Restoration_Implementation_Index",4,"Perceived restoration implementation"
"Expected_Outcomes_Index",4.666666666666667,"Expected restoration outcomes"
"Public_Support_Index",4.166666666666667,"Public support for restoration"
"Ecosystem_Services_Index",10,"Perceived importance of ecosystem services"
"Expected_Outcomes_Index",5,"Expected restoration outcomes"
"Public_Support_Index",3.5,"Public support for restoration"
"Ecosystem_Services_Index",9,"Perceived importance of ecosystem services"
"Restoration_Implementation_Index",2.4285714285714284,"Perceived restoration implementation"
"Public_Support_Index",3,"Public support for restoration"
"Ecosystem_Services_Index",7.25,"Perceived importance of ecosystem services"
"Restoration_Implementation_Index",2.090909090909091,"Perceived restoration implementation"
"Expected_Outcomes_Index",3.6666666666666665,"Expected restoration outcomes"
"Public_Support_Index",2.5,"Public support for restoration"
"Ecosystem_Services_Index",7.5,"Perceived importance of ecosystem services"
"Restoration_Implementation_Index",2.642857142857143,"Perceived restoration implementation"
"Expected_Outcomes_Index",4.3125,"Expected restoration outcomes"
"Public_Support_Index",2.3333333333333335,"Public support for restoration"
"Ecosystem_Services_Index",5.875,"Perceived importance of ecosystem services"
"Restoration_Implementation_Index",2.7857142857142856,"Perceived restoration implementation"
"Expected_Outcomes_Index",4.066666666666666,"Expected restoration outcomes"
"Public_Support_Index",3.3333333333333335,"Public support for restoration"
"Ecosystem_Services_Index",4.875,"Perceived importance of ecosystem services"
"Restoration_Implementation_Index",3.0714285714285716,"Perceived restoration implementation"
"Expected_Outcomes_Index",3.625,"Expected restoration outcomes"
"Public_Support_Index",2,"Public support for restoration"
"Ecosystem_Services_Index",9.875,"Perceived importance of ecosystem services"
"Restoration_Implementation_Index",3.0714285714285716,"Perceived restoration implementation"
"Expected_Outcomes_Index",3.125,"Expected restoration outcomes"
"Public_Support_Index",3.3333333333333335,"Public support for restoration"
"Ecosystem_Services_Index",9.625,"Perceived importance of ecosystem services"
"Public_Support_Index",4.5,"Public support for restoration"
"Ecosystem_Services_Index",7.375,"Perceived importance of ecosystem services"
"Expected_Outcomes_Index",3.933333333333333,"Expected restoration outcomes"
"Public_Support_Index",2.6666666666666665,"Public support for restoration"
"Ecosystem_Services_Index",6.25,"Perceived importance of ecosystem services"
"Public_Support_Index",4.166666666666667,"Public support for restoration"
"Ecosystem_Services_Index",7.75,"Perceived importance of ecosystem services"
"Expected_Outcomes_Index",4,"Expected restoration outcomes"
"Public_Support_Index",3.3333333333333335,"Public support for restoration"
"Ecosystem_Services_Index",10,"Perceived importance of ecosystem services"
"Expected_Outcomes_Index",4.555555555555555,"Expected restoration outcomes"
"Public_Support_Index",5,"Public support for restoration"
"Ecosystem_Services_Index",5.25,"Perceived importance of ecosystem services"
"Restoration_Implementation_Index",1,"Perceived restoration implementation"
"Expected_Outcomes_Index",3.875,"Expected restoration outcomes"
"Public_Support_Index",3,"Public support for restoration"
"Ecosystem_Services_Index",8.625,"Perceived importance of ecosystem services"
"Restoration_Implementation_Index",3.857142857142857,"Perceived restoration implementation"
"Expected_Outcomes_Index",4,"Expected restoration outcomes"
"Public_Support_Index",5,"Public support for restoration"
"Ecosystem_Services_Index",9,"Perceived importance of ecosystem services"
"Restoration_Implementation_Index",3.0714285714285716,"Perceived restoration implementation"
"Expected_Outcomes_Index",2.9375,"Expected restoration outcomes"
"Public_Support_Index",3.6666666666666665,"Public support for restoration"
"Ecosystem_Services_Index",7.75,"Perceived importance of ecosystem services"
"Public_Support_Index",4,"Public support for restoration"
"Ecosystem_Services_Index",6.25,"Perceived importance of ecosystem services"
"Restoration_Implementation_Index",3.0714285714285716,"Perceived restoration implementation"
"Public_Support_Index",2,"Public support for restoration"
"Ecosystem_Services_Index",8.125,"Perceived importance of ecosystem services"
"Public_Support_Index",3.1666666666666665,"Public support for restoration"
"Ecosystem_Services_Index",10,"Perceived importance of ecosystem services"
"Public_Support_Index",3.3333333333333335,"Public support for restoration"
"Ecosystem_Services_Index",9.125,"Perceived importance of ecosystem services"
"Restoration_Implementation_Index",3.888888888888889,"Perceived restoration implementation"
"Expected_Outcomes_Index",4.818181818181818,"Expected restoration outcomes"
"Public_Support_Index",3.6666666666666665,"Public support for restoration"
"Ecosystem_Services_Index",8.875,"Perceived importance of ecosystem services"
"Restoration_Implementation_Index",3.75,"Perceived restoration implementation"
"Expected_Outcomes_Index",4.285714285714286,"Expected restoration outcomes"
"Public_Support_Index",3,"Public support for restoration"
"Ecosystem_Services_Index",8.625,"Perceived importance of ecosystem services"
"Restoration_Implementation_Index",2.2857142857142856,"Perceived restoration implementation"
"Public_Support_Index",1.6666666666666667,"Public support for restoration"
"Ecosystem_Services_Index",9,"Perceived importance of ecosystem services"
"Public_Support_Index",4.333333333333333,"Public support for restoration"
"Ecosystem_Services_Index",6.625,"Perceived importance of ecosystem services"
"Restoration_Implementation_Index",2.2857142857142856,"Perceived restoration implementation"
"Expected_Outcomes_Index",3.125,"Expected restoration outcomes"
"Public_Support_Index",1,"Public support for restoration"
"Ecosystem_Services_Index",10,"Perceived importance of ecosystem services"
"Restoration_Implementation_Index",4,"Perceived restoration implementation"
"Expected_Outcomes_Index",3.875,"Expected restoration outcomes"
"Public_Support_Index",4.166666666666667,"Public support for restoration"
"Ecosystem_Services_Index",8.375,"Perceived importance of ecosystem services"
"Restoration_Implementation_Index",2.6,"Perceived restoration implementation"
"Expected_Outcomes_Index",3.4,"Expected restoration outcomes"
"Public_Support_Index",3.3333333333333335,"Public support for restoration"
"Ecosystem_Services_Index",7.5,"Perceived importance of ecosystem services"
"Restoration_Implementation_Index",2.6363636363636362,"Perceived restoration implementation"
"Expected_Outcomes_Index",2.25,"Expected restoration outcomes"
"Public_Support_Index",4.5,"Public support for restoration"
"Ecosystem_Services_Index",7.875,"Perceived importance of ecosystem services"
"Restoration_Implementation_Index",2.4615384615384617,"Perceived restoration implementation"
"Expected_Outcomes_Index",4,"Expected restoration outcomes"
"Public_Support_Index",2.6666666666666665,"Public support for restoration"
"Ecosystem_Services_Index",8.75,"Perceived importance of ecosystem services"
"Restoration_Implementation_Index",2.727272727272727,"Perceived restoration implementation"
"Expected_Outcomes_Index",3.090909090909091,"Expected restoration outcomes"
"Public_Support_Index",2.1666666666666665,"Public support for restoration"
"Ecosystem_Services_Index",6,"Perceived importance of ecosystem services"
"Restoration_Implementation_Index",3.0714285714285716,"Perceived restoration implementation"
"Expected_Outcomes_Index",4,"Expected restoration outcomes"
"Public_Support_Index",3,"Public support for restoration"
"Ecosystem_Services_Index",9,"Perceived importance of ecosystem services"
"Restoration_Implementation_Index",4.090909090909091,"Perceived restoration implementation"
"Expected_Outcomes_Index",4.846153846153846,"Expected restoration outcomes"
"Public_Support_Index",3.5,"Public support for restoration"
"Ecosystem_Services_Index",10,"Perceived importance of ecosystem services"
"Restoration_Implementation_Index",2,"Perceived restoration implementation"
"Expected_Outcomes_Index",5,"Expected restoration outcomes"
"Public_Support_Index",4,"Public support for restoration"
"Ecosystem_Services_Index",6.5,"Perceived importance of ecosystem services"
"Restoration_Implementation_Index",2.857142857142857,"Perceived restoration implementation"
"Expected_Outcomes_Index",3.4375,"Expected restoration outcomes"
"Public_Support_Index",3,"Public support for restoration"
"Ecosystem_Services_Index",10,"Perceived importance of ecosystem services"
"Public_Support_Index",2.1666666666666665,"Public support for restoration"
"Ecosystem_Services_Index",9.25,"Perceived importance of ecosystem services"
"Expected_Outcomes_Index",4.5,"Expected restoration outcomes"
"Public_Support_Index",4,"Public support for restoration"
"Ecosystem_Services_Index",9.375,"Perceived importance of ecosystem services"
"Restoration_Implementation_Index",2.4285714285714284,"Perceived restoration implementation"
"Expected_Outcomes_Index",2.4375,"Expected restoration outcomes"
"Public_Support_Index",3.3333333333333335,"Public support for restoration"
"Ecosystem_Services_Index",8,"Perceived importance of ecosystem services"
"Public_Support_Index",4.333333333333333,"Public support for restoration"
"Ecosystem_Services_Index",9,"Perceived importance of ecosystem services"
"Restoration_Implementation_Index",3,"Perceived restoration implementation"
"Expected_Outcomes_Index",3,"Expected restoration outcomes"
"Public_Support_Index",3,"Public support for restoration"
"Ecosystem_Services_Index",4.125,"Perceived importance of ecosystem services"
"Restoration_Implementation_Index",3.4285714285714284,"Perceived restoration implementation"
"Expected_Outcomes_Index",3,"Expected restoration outcomes"
"Public_Support_Index",3.6666666666666665,"Public support for restoration"
"Ecosystem_Services_Index",7.75,"Perceived importance of ecosystem services"
"Restoration_Implementation_Index",1.5,"Perceived restoration implementation"
"Expected_Outcomes_Index",3.75,"Expected restoration outcomes"
"Public_Support_Index",3.3333333333333335,"Public support for restoration"
"Ecosystem_Services_Index",9.625,"Perceived importance of ecosystem services"
"Restoration_Implementation_Index",3.6153846153846154,"Perceived restoration implementation"
"Expected_Outcomes_Index",3.8,"Expected restoration outcomes"
"Public_Support_Index",3.6666666666666665,"Public support for restoration"
"Ecosystem_Services_Index",8.375,"Perceived importance of ecosystem services"
"Restoration_Implementation_Index",2.4285714285714284,"Perceived restoration implementation"
"Expected_Outcomes_Index",2.642857142857143,"Expected restoration outcomes"
"Public_Support_Index",3.1666666666666665,"Public support for restoration"
"Ecosystem_Services_Index",7.875,"Perceived importance of ecosystem services"
"Restoration_Implementation_Index",4.5,"Perceived restoration implementation"
"Expected_Outcomes_Index",4.25,"Expected restoration outcomes"
"Public_Support_Index",3.5,"Public support for restoration"
"Ecosystem_Services_Index",6.875,"Perceived importance of ecosystem services"
"Restoration_Implementation_Index",4,"Perceived restoration implementation"
"Expected_Outcomes_Index",3.125,"Expected restoration outcomes"
"Public_Support_Index",4.166666666666667,"Public support for restoration"
"Ecosystem_Services_Index",5.25,"Perceived importance of ecosystem services"
"Restoration_Implementation_Index",3.357142857142857,"Perceived restoration implementation"
"Expected_Outcomes_Index",3.2666666666666666,"Expected restoration outcomes"
"Public_Support_Index",2.5,"Public support for restoration"
"Ecosystem_Services_Index",9.125,"Perceived importance of ecosystem services"
"Restoration_Implementation_Index",3.7777777777777777,"Perceived restoration implementation"
"Expected_Outcomes_Index",4.5,"Expected restoration outcomes"
"Public_Support_Index",3.3333333333333335,"Public support for restoration"
"Ecosystem_Services_Index",6.25,"Perceived importance of ecosystem services"
"Public_Support_Index",1.5,"Public support for restoration"
"Ecosystem_Services_Index",8.125,"Perceived importance of ecosystem services"
"Public_Support_Index",3,"Public support for restoration"
"Ecosystem_Services_Index",8.25,"Perceived importance of ecosystem services"
"Restoration_Implementation_Index",3,"Perceived restoration implementation"
"Expected_Outcomes_Index",4.555555555555555,"Expected restoration outcomes"
"Public_Support_Index",2.8333333333333335,"Public support for restoration"
"Ecosystem_Services_Index",6.375,"Perceived importance of ecosystem services"
"Restoration_Implementation_Index",4.285714285714286,"Perceived restoration implementation"
"Expected_Outcomes_Index",4.5,"Expected restoration outcomes"
"Public_Support_Index",3.6666666666666665,"Public support for restoration"
"Ecosystem_Services_Index",7.5,"Perceived importance of ecosystem services"
"Public_Support_Index",2.5,"Public support for restoration"
"Ecosystem_Services_Index",5.75,"Perceived importance of ecosystem services"
"Public_Support_Index",2.8333333333333335,"Public support for restoration"
"Ecosystem_Services_Index",9.5,"Perceived importance of ecosystem services"
"Restoration_Implementation_Index",4.642857142857143,"Perceived restoration implementation"
"Public_Support_Index",1.5,"Public support for restoration"
"Ecosystem_Services_Index",10,"Perceived importance of ecosystem services"
"Public_Support_Index",3,"Public support for restoration"
"Ecosystem_Services_Index",8.25,"Perceived importance of ecosystem services"
"Restoration_Implementation_Index",3.857142857142857,"Perceived restoration implementation"
"Expected_Outcomes_Index",4.5625,"Expected restoration outcomes"
"Public_Support_Index",3.5,"Public support for restoration"
"Ecosystem_Services_Index",6.375,"Perceived importance of ecosystem services"
"Restoration_Implementation_Index",3.5,"Perceived restoration implementation"
"Public_Support_Index",2.6666666666666665,"Public support for restoration"
"Ecosystem_Services_Index",7.375,"Perceived importance of ecosystem services"
"Public_Support_Index",3.5,"Public support for restoration"
"Ecosystem_Services_Index",9.625,"Perceived importance of ecosystem services"
"Restoration_Implementation_Index",3.6923076923076925,"Perceived restoration implementation"
"Expected_Outcomes_Index",4.615384615384615,"Expected restoration outcomes"
"Public_Support_Index",3,"Public support for restoration"
"Ecosystem_Services_Index",9.25,"Perceived importance of ecosystem services"
"Restoration_Implementation_Index",3.9,"Perceived restoration implementation"
"Expected_Outcomes_Index",4.25,"Expected restoration outcomes"
"Public_Support_Index",3,"Public support for restoration"
"Ecosystem_Services_Index",7.125,"Perceived importance of ecosystem services"
"Expected_Outcomes_Index",3.0714285714285716,"Expected restoration outcomes"
"Public_Support_Index",3.6666666666666665,"Public support for restoration"
"Ecosystem_Services_Index",6.875,"Perceived importance of ecosystem services"
"Public_Support_Index",2.5,"Public support for restoration"
"Ecosystem_Services_Index",7.75,"Perceived importance of ecosystem services"
"Public_Support_Index",3,"Public support for restoration"
"Ecosystem_Services_Index",8.875,"Perceived importance of ecosystem services"
"Restoration_Implementation_Index",3.75,"Perceived restoration implementation"
"Expected_Outcomes_Index",4,"Expected restoration outcomes"
"Public_Support_Index",3.3333333333333335,"Public support for restoration"
"Ecosystem_Services_Index",10,"Perceived importance of ecosystem services"
"Restoration_Implementation_Index",3.5,"Perceived restoration implementation"
"Public_Support_Index",3.6666666666666665,"Public support for restoration"
"Ecosystem_Services_Index",9.375,"Perceived importance of ecosystem services"
"Restoration_Implementation_Index",3.642857142857143,"Perceived restoration implementation"
"Expected_Outcomes_Index",4.1875,"Expected restoration outcomes"
"Public_Support_Index",2.6666666666666665,"Public support for restoration"
"Ecosystem_Services_Index",9.625,"Perceived importance of ecosystem services"
"Restoration_Implementation_Index",2.888888888888889,"Perceived restoration implementation"
"Expected_Outcomes_Index",3.25,"Expected restoration outcomes"
"Public_Support_Index",3.5,"Public support for restoration"
"Ecosystem_Services_Index",6.875,"Perceived importance of ecosystem services"
"Expected_Outcomes_Index",3.8333333333333335,"Expected restoration outcomes"
"Public_Support_Index",2.5,"Public support for restoration"
"Ecosystem_Services_Index",9.75,"Perceived importance of ecosystem services"
"Restoration_Implementation_Index",3.75,"Perceived restoration implementation"
"Expected_Outcomes_Index",4.916666666666667,"Expected restoration outcomes"
"Public_Support_Index",2.6666666666666665,"Public support for restoration"
"Ecosystem_Services_Index",7.75,"Perceived importance of ecosystem services"
"Restoration_Implementation_Index",3,"Perceived restoration implementation"
"Expected_Outcomes_Index",4.1875,"Expected restoration outcomes"
"Public_Support_Index",4.166666666666667,"Public support for restoration"
"Ecosystem_Services_Index",7.5,"Perceived importance of ecosystem services"
"Restoration_Implementation_Index",3,"Perceived restoration implementation"
"Expected_Outcomes_Index",4.666666666666667,"Expected restoration outcomes"
"Public_Support_Index",3.3333333333333335,"Public support for restoration"
"Ecosystem_Services_Index",9,"Perceived importance of ecosystem services"
"Restoration_Implementation_Index",3.5454545454545454,"Perceived restoration implementation"
"Expected_Outcomes_Index",3.4375,"Expected restoration outcomes"
"Public_Support_Index",4.666666666666667,"Public support for restoration"
"Ecosystem_Services_Index",9.375,"Perceived importance of ecosystem services"
"Expected_Outcomes_Index",3.875,"Expected restoration outcomes"
"Public_Support_Index",3.1666666666666665,"Public support for restoration"
"Ecosystem_Services_Index",8.75,"Perceived importance of ecosystem services"
"Restoration_Implementation_Index",3.642857142857143,"Perceived restoration implementation"
"Expected_Outcomes_Index",3.1875,"Expected restoration outcomes"
"Public_Support_Index",3.5,"Public support for restoration"
"Ecosystem_Services_Index",9.375,"Perceived importance of ecosystem services"
"Restoration_Implementation_Index",3.875,"Perceived restoration implementation"
"Expected_Outcomes_Index",4.5,"Expected restoration outcomes"
"Public_Support_Index",1,"Public support for restoration"
"Ecosystem_Services_Index",7.125,"Perceived importance of ecosystem services"
"Restoration_Implementation_Index",4,"Perceived restoration implementation"
"Expected_Outcomes_Index",4.461538461538462,"Expected restoration outcomes"
"Public_Support_Index",2,"Public support for restoration"
"Ecosystem_Services_Index",9.25,"Perceived importance of ecosystem services"
"Restoration_Implementation_Index",2.6,"Perceived restoration implementation"
"Expected_Outcomes_Index",3.5,"Expected restoration outcomes"
"Public_Support_Index",3,"Public support for restoration"
"Ecosystem_Services_Index",9.375,"Perceived importance of ecosystem services"
"Restoration_Implementation_Index",1.6428571428571428,"Perceived restoration implementation"
"Expected_Outcomes_Index",4.625,"Expected restoration outcomes"
"Public_Support_Index",3.8333333333333335,"Public support for restoration"
"Ecosystem_Services_Index",6.375,"Perceived importance of ecosystem services"
"Restoration_Implementation_Index",3.5,"Perceived restoration implementation"
"Expected_Outcomes_Index",3.625,"Expected restoration outcomes"
"Public_Support_Index",2.6666666666666665,"Public support for restoration"
"Ecosystem_Services_Index",10,"Perceived importance of ecosystem services"
"Restoration_Implementation_Index",5,"Perceived restoration implementation"
"Expected_Outcomes_Index",5,"Expected restoration outcomes"
"Public_Support_Index",5,"Public support for restoration"
"Ecosystem_Services_Index",10,"Perceived importance of ecosystem services"
"Restoration_Implementation_Index",5,"Perceived restoration implementation"
"Expected_Outcomes_Index",5,"Expected restoration outcomes"
"Public_Support_Index",5,"Public support for restoration"
"Ecosystem_Services_Index",9.25,"Perceived importance of ecosystem services"
"Restoration_Implementation_Index",2.7142857142857144,"Perceived restoration implementation"
"Expected_Outcomes_Index",3.875,"Expected restoration outcomes"
"Public_Support_Index",3.3333333333333335,"Public support for restoration"
"Ecosystem_Services_Index",8.625,"Perceived importance of ecosystem services"
"Restoration_Implementation_Index",2.7857142857142856,"Perceived restoration implementation"
"Expected_Outcomes_Index",3.933333333333333,"Expected restoration outcomes"
"Public_Support_Index",3.6666666666666665,"Public support for restoration"
"Ecosystem_Services_Index",6.75,"Perceived importance of ecosystem services"
"Restoration_Implementation_Index",2.0714285714285716,"Perceived restoration implementation"
"Expected_Outcomes_Index",3.25,"Expected restoration outcomes"
"Public_Support_Index",1.1666666666666667,"Public support for restoration"
"Ecosystem_Services_Index",10,"Perceived importance of ecosystem services"
"Restoration_Implementation_Index",2.857142857142857,"Perceived restoration implementation"
"Expected_Outcomes_Index",3.25,"Expected restoration outcomes"
"Public_Support_Index",4.166666666666667,"Public support for restoration"
"Ecosystem_Services_Index",8.875,"Perceived importance of ecosystem services"
"Restoration_Implementation_Index",3,"Perceived restoration implementation"
"Expected_Outcomes_Index",3.9375,"Expected restoration outcomes"
"Public_Support_Index",4,"Public support for restoration"
"Ecosystem_Services_Index",7.625,"Perceived importance of ecosystem services"
"Restoration_Implementation_Index",2.5714285714285716,"Perceived restoration implementation"
"Expected_Outcomes_Index",2.875,"Expected restoration outcomes"
"Public_Support_Index",2.3333333333333335,"Public support for restoration"
"Ecosystem_Services_Index",6.875,"Perceived importance of ecosystem services"
"Restoration_Implementation_Index",2.5714285714285716,"Perceived restoration implementation"
"Expected_Outcomes_Index",3.3333333333333335,"Expected restoration outcomes"
"Public_Support_Index",2.5,"Public support for restoration"
"Ecosystem_Services_Index",6,"Perceived importance of ecosystem services"
"Restoration_Implementation_Index",3,"Perceived restoration implementation"
"Expected_Outcomes_Index",3.3333333333333335,"Expected restoration outcomes"
"Ecosystem_Services_Index",9.25,"Perceived importance of ecosystem services"
"Restoration_Implementation_Index",4,"Perceived restoration implementation"
"Expected_Outcomes_Index",3.8125,"Expected restoration outcomes"
"Public_Support_Index",3.5,"Public support for restoration"
"Ecosystem_Services_Index",7.875,"Perceived importance of ecosystem services"
"Restoration_Implementation_Index",4.222222222222222,"Perceived restoration implementation"
"Expected_Outcomes_Index",3.8181818181818183,"Expected restoration outcomes"
"Public_Support_Index",3.8333333333333335,"Public support for restoration"
"Ecosystem_Services_Index",5.875,"Perceived importance of ecosystem services"
"Restoration_Implementation_Index",1.9,"Perceived restoration implementation"
"Expected_Outcomes_Index",3.9166666666666665,"Expected restoration outcomes"
"Public_Support_Index",3.8333333333333335,"Public support for restoration"
"Ecosystem_Services_Index",7.5,"Perceived importance of ecosystem services"
"Restoration_Implementation_Index",3,"Perceived restoration implementation"
"Expected_Outcomes_Index",2.9375,"Expected restoration outcomes"
"Public_Support_Index",2.8333333333333335,"Public support for restoration"
"Ecosystem_Services_Index",9.25,"Perceived importance of ecosystem services"
"Restoration_Implementation_Index",3.8181818181818183,"Perceived restoration implementation"
"Expected_Outcomes_Index",4.4,"Expected restoration outcomes"
"Public_Support_Index",4,"Public support for restoration"
"Ecosystem_Services_Index",5,"Perceived importance of ecosystem services"
"Restoration_Implementation_Index",3.111111111111111,"Perceived restoration implementation"
"Public_Support_Index",2,"Public support for restoration"
"Ecosystem_Services_Index",7.875,"Perceived importance of ecosystem services"
"Restoration_Implementation_Index",2.857142857142857,"Perceived restoration implementation"
"Expected_Outcomes_Index",4.2,"Expected restoration outcomes"
"Public_Support_Index",2.5,"Public support for restoration"
"Ecosystem_Services_Index",8.625,"Perceived importance of ecosystem services"
"Expected_Outcomes_Index",4,"Expected restoration outcomes"
"Public_Support_Index",2.8333333333333335,"Public support for restoration"
"Ecosystem_Services_Index",5.125,"Perceived importance of ecosystem services"
"Restoration_Implementation_Index",3.142857142857143,"Perceived restoration implementation"
"Public_Support_Index",3,"Public support for restoration"
"Ecosystem_Services_Index",9,"Perceived importance of ecosystem services"
"Expected_Outcomes_Index",3.5,"Expected restoration outcomes"
"Public_Support_Index",3,"Public support for restoration"
"Ecosystem_Services_Index",8.875,"Perceived importance of ecosystem services"
"Restoration_Implementation_Index",2.7142857142857144,"Perceived restoration implementation"
"Expected_Outcomes_Index",3.875,"Expected restoration outcomes"
"Public_Support_Index",2.1666666666666665,"Public support for restoration"
"Ecosystem_Services_Index",3.25,"Perceived importance of ecosystem services"
"Restoration_Implementation_Index",4.142857142857143,"Perceived restoration implementation"
"Expected_Outcomes_Index",3.5,"Expected restoration outcomes"
"Public_Support_Index",3.6666666666666665,"Public support for restoration"
"Ecosystem_Services_Index",10,"Perceived importance of ecosystem services"
"Restoration_Implementation_Index",3.727272727272727,"Perceived restoration implementation"
"Expected_Outcomes_Index",3.125,"Expected restoration outcomes"
"Public_Support_Index",3,"Public support for restoration"
"Ecosystem_Services_Index",9.75,"Perceived importance of ecosystem services"
"Expected_Outcomes_Index",4.125,"Expected restoration outcomes"
"Public_Support_Index",3.5,"Public support for restoration"
"Ecosystem_Services_Index",8.375,"Perceived importance of ecosystem services"
"Restoration_Implementation_Index",3.0714285714285716,"Perceived restoration implementation"
"Expected_Outcomes_Index",3.6875,"Expected restoration outcomes"
"Public_Support_Index",4.166666666666667,"Public support for restoration"
"Ecosystem_Services_Index",6,"Perceived importance of ecosystem services"
"Restoration_Implementation_Index",2.857142857142857,"Perceived restoration implementation"
"Expected_Outcomes_Index",3.4375,"Expected restoration outcomes"
"Public_Support_Index",2.8333333333333335,"Public support for restoration"
"Ecosystem_Services_Index",8.25,"Perceived importance of ecosystem services"
"Restoration_Implementation_Index",3.4285714285714284,"Perceived restoration implementation"
"Expected_Outcomes_Index",3.25,"Expected restoration outcomes"
"Public_Support_Index",2.8333333333333335,"Public support for restoration"
"Ecosystem_Services_Index",8.125,"Perceived importance of ecosystem services"
"Restoration_Implementation_Index",3.142857142857143,"Perceived restoration implementation"
"Expected_Outcomes_Index",4.0625,"Expected restoration outcomes"
"Public_Support_Index",2.3333333333333335,"Public support for restoration"
"Ecosystem_Services_Index",10,"Perceived importance of ecosystem services"
"Restoration_Implementation_Index",3.6923076923076925,"Perceived restoration implementation"
"Expected_Outcomes_Index",3,"Expected restoration outcomes"
"Public_Support_Index",4.166666666666667,"Public support for restoration"
"Ecosystem_Services_Index",8,"Perceived importance of ecosystem services"
"Restoration_Implementation_Index",3.6153846153846154,"Perceived restoration implementation"
"Expected_Outcomes_Index",2.642857142857143,"Expected restoration outcomes"
"Public_Support_Index",4.5,"Public support for restoration"
"Ecosystem_Services_Index",8,"Perceived importance of ecosystem services"
"Expected_Outcomes_Index",4.538461538461538,"Expected restoration outcomes"
"Public_Support_Index",3.8333333333333335,"Public support for restoration"
"Ecosystem_Services_Index",7.875,"Perceived importance of ecosystem services"
"Restoration_Implementation_Index",3.0714285714285716,"Perceived restoration implementation"
"Expected_Outcomes_Index",4.2,"Expected restoration outcomes"
"Public_Support_Index",3.5,"Public support for restoration"
"Ecosystem_Services_Index",9,"Perceived importance of ecosystem services"
"Restoration_Implementation_Index",3.7142857142857144,"Perceived restoration implementation"
"Expected_Outcomes_Index",3,"Expected restoration outcomes"
"Public_Support_Index",3.3333333333333335,"Public support for restoration"
"Ecosystem_Services_Index",8.5,"Perceived importance of ecosystem services"
"Restoration_Implementation_Index",3.7857142857142856,"Perceived restoration implementation"
"Expected_Outcomes_Index",3.6875,"Expected restoration outcomes"
"Public_Support_Index",4,"Public support for restoration"
"Ecosystem_Services_Index",6.75,"Perceived importance of ecosystem services"
"Public_Support_Index",1.8333333333333333,"Public support for restoration"
"Ecosystem_Services_Index",8.625,"Perceived importance of ecosystem services"
"Restoration_Implementation_Index",3.7777777777777777,"Perceived restoration implementation"
"Expected_Outcomes_Index",3.875,"Expected restoration outcomes"
"Public_Support_Index",3.6666666666666665,"Public support for restoration"
"Ecosystem_Services_Index",8.625,"Perceived importance of ecosystem services"
"Restoration_Implementation_Index",4.615384615384615,"Perceived restoration implementation"
"Expected_Outcomes_Index",4.5625,"Expected restoration outcomes"
"Public_Support_Index",3.8333333333333335,"Public support for restoration"
"Ecosystem_Services_Index",8.75,"Perceived importance of ecosystem services"
"Restoration_Implementation_Index",3,"Perceived restoration implementation"
"Expected_Outcomes_Index",3.7142857142857144,"Expected restoration outcomes"
"Public_Support_Index",3.6666666666666665,"Public support for restoration"
"Ecosystem_Services_Index",7.5,"Perceived importance of ecosystem services"
"Restoration_Implementation_Index",3.2857142857142856,"Perceived restoration implementation"
"Expected_Outcomes_Index",3.5,"Expected restoration outcomes"
"Public_Support_Index",3.6666666666666665,"Public support for restoration"
"Ecosystem_Services_Index",7.5,"Perceived importance of ecosystem services"
"Restoration_Implementation_Index",4.785714285714286,"Perceived restoration implementation"
"Expected_Outcomes_Index",4.3125,"Expected restoration outcomes"
"Public_Support_Index",4,"Public support for restoration"
"Ecosystem_Services_Index",8.125,"Perceived importance of ecosystem services"
"Restoration_Implementation_Index",3.625,"Perceived restoration implementation"
"Expected_Outcomes_Index",3.75,"Expected restoration outcomes"
"Public_Support_Index",3.3333333333333335,"Public support for restoration"
"Ecosystem_Services_Index",8.375,"Perceived importance of ecosystem services"
"Restoration_Implementation_Index",4.714285714285714,"Perceived restoration implementation"
"Expected_Outcomes_Index",1.625,"Expected restoration outcomes"
"Public_Support_Index",4.5,"Public support for restoration"
"Ecosystem_Services_Index",7.5,"Perceived importance of ecosystem services"
"Restoration_Implementation_Index",2.4285714285714284,"Perceived restoration implementation"
"Expected_Outcomes_Index",3.4375,"Expected restoration outcomes"
"Public_Support_Index",2.8333333333333335,"Public support for restoration"
"Ecosystem_Services_Index",9.375,"Perceived importance of ecosystem services"
"Restoration_Implementation_Index",2.7857142857142856,"Perceived restoration implementation"
"Expected_Outcomes_Index",3.857142857142857,"Expected restoration outcomes"
"Public_Support_Index",4,"Public support for restoration"
"Ecosystem_Services_Index",10,"Perceived importance of ecosystem services"
"Restoration_Implementation_Index",4.428571428571429,"Perceived restoration implementation"
"Expected_Outcomes_Index",3.625,"Expected restoration outcomes"
"Public_Support_Index",5,"Public support for restoration"
"Ecosystem_Services_Index",9.375,"Perceived importance of ecosystem services"
"Restoration_Implementation_Index",3,"Perceived restoration implementation"
"Expected_Outcomes_Index",3.933333333333333,"Expected restoration outcomes"
"Public_Support_Index",2.5,"Public support for restoration"
"Ecosystem_Services_Index",6.75,"Perceived importance of ecosystem services"
"Restoration_Implementation_Index",3,"Perceived restoration implementation"
"Expected_Outcomes_Index",4,"Expected restoration outcomes"
"Public_Support_Index",3,"Public support for restoration"
"Ecosystem_Services_Index",6,"Perceived importance of ecosystem services"
"Public_Support_Index",3.5,"Public support for restoration"
"Ecosystem_Services_Index",8.75,"Perceived importance of ecosystem services"
"Restoration_Implementation_Index",3.3333333333333335,"Perceived restoration implementation"
"Expected_Outcomes_Index",3.933333333333333,"Expected restoration outcomes"
"Public_Support_Index",4,"Public support for restoration"
"Ecosystem_Services_Index",9.125,"Perceived importance of ecosystem services"
"Restoration_Implementation_Index",2.769230769230769,"Perceived restoration implementation"
"Expected_Outcomes_Index",4,"Expected restoration outcomes"
"Public_Support_Index",3.5,"Public support for restoration"
"Ecosystem_Services_Index",8,"Perceived importance of ecosystem services"
"Restoration_Implementation_Index",4.285714285714286,"Perceived restoration implementation"
"Expected_Outcomes_Index",4.1875,"Expected restoration outcomes"
"Public_Support_Index",3.8333333333333335,"Public support for restoration"
"Ecosystem_Services_Index",9.5,"Perceived importance of ecosystem services"
"Restoration_Implementation_Index",4.142857142857143,"Perceived restoration implementation"
"Expected_Outcomes_Index",3.909090909090909,"Expected restoration outcomes"
"Public_Support_Index",3.8333333333333335,"Public support for restoration"
"Ecosystem_Services_Index",6.375,"Perceived importance of ecosystem services"
"Restoration_Implementation_Index",3.2142857142857144,"Perceived restoration implementation"
"Expected_Outcomes_Index",3.357142857142857,"Expected restoration outcomes"
"Public_Support_Index",1,"Public support for restoration"
"Ecosystem_Services_Index",10,"Perceived importance of ecosystem services"
"Expected_Outcomes_Index",4.833333333333333,"Expected restoration outcomes"
"Public_Support_Index",3.3333333333333335,"Public support for restoration"
"Ecosystem_Services_Index",9.25,"Perceived importance of ecosystem services"
"Restoration_Implementation_Index",3.7142857142857144,"Perceived restoration implementation"
"Expected_Outcomes_Index",4.125,"Expected restoration outcomes"
"Public_Support_Index",3.5,"Public support for restoration"
"Ecosystem_Services_Index",8.375,"Perceived importance of ecosystem services"
"Expected_Outcomes_Index",3.6875,"Expected restoration outcomes"
"Public_Support_Index",4,"Public support for restoration"
"Ecosystem_Services_Index",5.5,"Perceived importance of ecosystem services"
"Restoration_Implementation_Index",3.4285714285714284,"Perceived restoration implementation"
"Public_Support_Index",3,"Public support for restoration"
"Ecosystem_Services_Index",6.875,"Perceived importance of ecosystem services"
"Restoration_Implementation_Index",2.6666666666666665,"Perceived restoration implementation"
"Expected_Outcomes_Index",3.25,"Expected restoration outcomes"
"Public_Support_Index",2.3333333333333335,"Public support for restoration"
"Ecosystem_Services_Index",9.125,"Perceived importance of ecosystem services"
"Restoration_Implementation_Index",4.142857142857143,"Perceived restoration implementation"
"Expected_Outcomes_Index",3.9,"Expected restoration outcomes"
"Public_Support_Index",3.5,"Public support for restoration"
"Ecosystem_Services_Index",10,"Perceived importance of ecosystem services"
"Restoration_Implementation_Index",5,"Perceived restoration implementation"
"Expected_Outcomes_Index",4.6875,"Expected restoration outcomes"
"Public_Support_Index",4.833333333333333,"Public support for restoration"
"Ecosystem_Services_Index",7.75,"Perceived importance of ecosystem services"
"Expected_Outcomes_Index",3.5833333333333335,"Expected restoration outcomes"
"Public_Support_Index",3,"Public support for restoration"
"Ecosystem_Services_Index",9.375,"Perceived importance of ecosystem services"
"Restoration_Implementation_Index",3.857142857142857,"Perceived restoration implementation"
"Expected_Outcomes_Index",4.3125,"Expected restoration outcomes"
"Public_Support_Index",3.5,"Public support for restoration"
"Ecosystem_Services_Index",8.25,"Perceived importance of ecosystem services"
"Restoration_Implementation_Index",2.8333333333333335,"Perceived restoration implementation"
"Expected_Outcomes_Index",3,"Expected restoration outcomes"
"Public_Support_Index",3.1666666666666665,"Public support for restoration"
"Ecosystem_Services_Index",7.875,"Perceived importance of ecosystem services"
"Restoration_Implementation_Index",3.8461538461538463,"Perceived restoration implementation"
"Expected_Outcomes_Index",3.875,"Expected restoration outcomes"
"Public_Support_Index",2.3333333333333335,"Public support for restoration"
"Ecosystem_Services_Index",7.5,"Perceived importance of ecosystem services"
"Restoration_Implementation_Index",2.6666666666666665,"Perceived restoration implementation"
"Expected_Outcomes_Index",4.454545454545454,"Expected restoration outcomes"
"Public_Support_Index",3.5,"Public support for restoration"
"Ecosystem_Services_Index",6,"Perceived importance of ecosystem services"
"Restoration_Implementation_Index",3.642857142857143,"Perceived restoration implementation"
"Expected_Outcomes_Index",3.5,"Expected restoration outcomes"
"Public_Support_Index",3,"Public support for restoration"
"Ecosystem_Services_Index",7.625,"Perceived importance of ecosystem services"
"Restoration_Implementation_Index",2.7142857142857144,"Perceived restoration implementation"
"Public_Support_Index",2.8333333333333335,"Public support for restoration"
"Ecosystem_Services_Index",9.75,"Perceived importance of ecosystem services"
"Restoration_Implementation_Index",4.545454545454546,"Perceived restoration implementation"
"Expected_Outcomes_Index",4.090909090909091,"Expected restoration outcomes"
"Public_Support_Index",3.1666666666666665,"Public support for restoration"
"Ecosystem_Services_Index",10,"Perceived importance of ecosystem services"
"Restoration_Implementation_Index",4,"Perceived restoration implementation"
"Expected_Outcomes_Index",3,"Expected restoration outcomes"
"Public_Support_Index",4.5,"Public support for restoration"
"Ecosystem_Services_Index",5,"Perceived importance of ecosystem services"
"Public_Support_Index",1,"Public support for restoration"
"Ecosystem_Services_Index",8.125,"Perceived importance of ecosystem services"
"Restoration_Implementation_Index",3.625,"Perceived restoration implementation"
"Public_Support_Index",3.8333333333333335,"Public support for restoration"
"Ecosystem_Services_Index",9.5,"Perceived importance of ecosystem services"
"Restoration_Implementation_Index",2.6666666666666665,"Perceived restoration implementation"
"Expected_Outcomes_Index",3.75,"Expected restoration outcomes"
"Public_Support_Index",2.8333333333333335,"Public support for restoration"
"Ecosystem_Services_Index",9,"Perceived importance of ecosystem services"
"Restoration_Implementation_Index",2.2142857142857144,"Perceived restoration implementation"
"Expected_Outcomes_Index",3.5,"Expected restoration outcomes"
"Public_Support_Index",4.666666666666667,"Public support for restoration"
"Ecosystem_Services_Index",5.125,"Perceived importance of ecosystem services"
"Restoration_Implementation_Index",2.857142857142857,"Perceived restoration implementation"
"Public_Support_Index",2,"Public support for restoration"
"Ecosystem_Services_Index",8,"Perceived importance of ecosystem services"
"Restoration_Implementation_Index",3.3333333333333335,"Perceived restoration implementation"
"Public_Support_Index",4.5,"Public support for restoration"
"Ecosystem_Services_Index",10,"Perceived importance of ecosystem services"
"Public_Support_Index",3,"Public support for restoration"
"Ecosystem_Services_Index",4.375,"Perceived importance of ecosystem services"
"Restoration_Implementation_Index",3.0833333333333335,"Perceived restoration implementation"
"Expected_Outcomes_Index",3.1333333333333333,"Expected restoration outcomes"
"Public_Support_Index",2.6666666666666665,"Public support for restoration"
"Ecosystem_Services_Index",8.625,"Perceived importance of ecosystem services"
"Public_Support_Index",2.6666666666666665,"Public support for restoration"
"Ecosystem_Services_Index",7.5,"Perceived importance of ecosystem services"
"Expected_Outcomes_Index",4.833333333333333,"Expected restoration outcomes"
"Public_Support_Index",2.3333333333333335,"Public support for restoration"
"Ecosystem_Services_Index",8.25,"Perceived importance of ecosystem services"
"Restoration_Implementation_Index",3.6923076923076925,"Perceived restoration implementation"
"Public_Support_Index",3.1666666666666665,"Public support for restoration"
"Ecosystem_Services_Index",8.125,"Perceived importance of ecosystem services"
"Restoration_Implementation_Index",4.428571428571429,"Perceived restoration implementation"
"Expected_Outcomes_Index",4.6,"Expected restoration outcomes"
"Public_Support_Index",3.3333333333333335,"Public support for restoration"
"Ecosystem_Services_Index",8.875,"Perceived importance of ecosystem services"
"Restoration_Implementation_Index",4,"Perceived restoration implementation"
"Expected_Outcomes_Index",4.3125,"Expected restoration outcomes"
"Public_Support_Index",1.8333333333333333,"Public support for restoration"
"Ecosystem_Services_Index",9.25,"Perceived importance of ecosystem services"
"Restoration_Implementation_Index",3.5714285714285716,"Perceived restoration implementation"
"Expected_Outcomes_Index",4.25,"Expected restoration outcomes"
"Public_Support_Index",3.6666666666666665,"Public support for restoration"
"Ecosystem_Services_Index",6.75,"Perceived importance of ecosystem services"
"Restoration_Implementation_Index",3.142857142857143,"Perceived restoration implementation"
"Expected_Outcomes_Index",3.9375,"Expected restoration outcomes"
"Public_Support_Index",3.5,"Public support for restoration"
"Ecosystem_Services_Index",7.125,"Perceived importance of ecosystem services"
"Public_Support_Index",3,"Public support for restoration"
"Ecosystem_Services_Index",10,"Perceived importance of ecosystem services"
"Restoration_Implementation_Index",4,"Perceived restoration implementation"
"Expected_Outcomes_Index",4.214285714285714,"Expected restoration outcomes"
"Public_Support_Index",3.8333333333333335,"Public support for restoration"
"Ecosystem_Services_Index",9.75,"Perceived importance of ecosystem services"
"Restoration_Implementation_Index",3.4545454545454546,"Perceived restoration implementation"
"Expected_Outcomes_Index",4.538461538461538,"Expected restoration outcomes"
"Public_Support_Index",4.166666666666667,"Public support for restoration"
"Ecosystem_Services_Index",7.75,"Perceived importance of ecosystem services"
"Restoration_Implementation_Index",3.357142857142857,"Perceived restoration implementation"
"Expected_Outcomes_Index",3,"Expected restoration outcomes"
"Public_Support_Index",2.8333333333333335,"Public support for restoration"
"Ecosystem_Services_Index",9.125,"Perceived importance of ecosystem services"
"Expected_Outcomes_Index",4.3125,"Expected restoration outcomes"
"Public_Support_Index",2.8333333333333335,"Public support for restoration"
"Ecosystem_Services_Index",8.125,"Perceived importance of ecosystem services"
"Restoration_Implementation_Index",2.0714285714285716,"Perceived restoration implementation"
"Expected_Outcomes_Index",3.4375,"Expected restoration outcomes"
"Public_Support_Index",3.5,"Public support for restoration"
"Ecosystem_Services_Index",9,"Perceived importance of ecosystem services"
"Restoration_Implementation_Index",3.2857142857142856,"Perceived restoration implementation"
"Expected_Outcomes_Index",4.25,"Expected restoration outcomes"
"Public_Support_Index",3.3333333333333335,"Public support for restoration"
"Ecosystem_Services_Index",9.25,"Perceived importance of ecosystem services"
"Restoration_Implementation_Index",2.642857142857143,"Perceived restoration implementation"
"Expected_Outcomes_Index",3.5625,"Expected restoration outcomes"
"Public_Support_Index",3.5,"Public support for restoration"
"Ecosystem_Services_Index",9.625,"Perceived importance of ecosystem services"
"Restoration_Implementation_Index",2.9285714285714284,"Perceived restoration implementation"
"Expected_Outcomes_Index",3.3333333333333335,"Expected restoration outcomes"
"Public_Support_Index",3.3333333333333335,"Public support for restoration"
"Ecosystem_Services_Index",9.875,"Perceived importance of ecosystem services"
"Restoration_Implementation_Index",3.2857142857142856,"Perceived restoration implementation"
"Expected_Outcomes_Index",3.5,"Expected restoration outcomes"
"Public_Support_Index",4,"Public support for restoration"
"Ecosystem_Services_Index",7.875,"Perceived importance of ecosystem services"
"Restoration_Implementation_Index",3.5714285714285716,"Perceived restoration implementation"
"Expected_Outcomes_Index",3.888888888888889,"Expected restoration outcomes"
"Public_Support_Index",2.6666666666666665,"Public support for restoration"
"Ecosystem_Services_Index",7.375,"Perceived importance of ecosystem services"
"Restoration_Implementation_Index",3.076923076923077,"Perceived restoration implementation"
"Expected_Outcomes_Index",3.7333333333333334,"Expected restoration outcomes"
"Public_Support_Index",3,"Public support for restoration"
"Ecosystem_Services_Index",8,"Perceived importance of ecosystem services"
"Public_Support_Index",3,"Public support for restoration"
"Ecosystem_Services_Index",8,"Perceived importance of ecosystem services"
"Restoration_Implementation_Index",3.7142857142857144,"Perceived restoration implementation"
"Expected_Outcomes_Index",4,"Expected restoration outcomes"
"Public_Support_Index",2,"Public support for restoration"
"Ecosystem_Services_Index",8.5,"Perceived importance of ecosystem services"
"Restoration_Implementation_Index",2.1818181818181817,"Perceived restoration implementation"
"Expected_Outcomes_Index",2.875,"Expected restoration outcomes"
"Public_Support_Index",3.5,"Public support for restoration"
"Ecosystem_Services_Index",8.125,"Perceived importance of ecosystem services"
"Public_Support_Index",1.1666666666666667,"Public support for restoration"
"Ecosystem_Services_Index",7.125,"Perceived importance of ecosystem services"
"Restoration_Implementation_Index",3.7777777777777777,"Perceived restoration implementation"
"Expected_Outcomes_Index",3.7857142857142856,"Expected restoration outcomes"
"Public_Support_Index",2.8333333333333335,"Public support for restoration"
"Ecosystem_Services_Index",6.5,"Perceived importance of ecosystem services"
"Restoration_Implementation_Index",3.0714285714285716,"Perceived restoration implementation"
"Expected_Outcomes_Index",3,"Expected restoration outcomes"
"Public_Support_Index",3.1666666666666665,"Public support for restoration"
"Ecosystem_Services_Index",7.625,"Perceived importance of ecosystem services"
"Restoration_Implementation_Index",3.3333333333333335,"Perceived restoration implementation"
"Public_Support_Index",1,"Public support for restoration"
"Ecosystem_Services_Index",8.5,"Perceived importance of ecosystem services"
"Restoration_Implementation_Index",3.142857142857143,"Perceived restoration implementation"
"Expected_Outcomes_Index",3.75,"Expected restoration outcomes"
"Public_Support_Index",2.6666666666666665,"Public support for restoration"
"Ecosystem_Services_Index",9.125,"Perceived importance of ecosystem services"
"Restoration_Implementation_Index",3.090909090909091,"Perceived restoration implementation"
"Expected_Outcomes_Index",3.8125,"Expected restoration outcomes"
"Public_Support_Index",3,"Public support for restoration"
"Ecosystem_Services_Index",7.875,"Perceived importance of ecosystem services"
"Restoration_Implementation_Index",4,"Perceived restoration implementation"
"Expected_Outcomes_Index",4.5,"Expected restoration outcomes"
"Public_Support_Index",3.3333333333333335,"Public support for restoration"
"Ecosystem_Services_Index",9.375,"Perceived importance of ecosystem services"
"Expected_Outcomes_Index",4.25,"Expected restoration outcomes"
"Public_Support_Index",2.3333333333333335,"Public support for restoration"
"Ecosystem_Services_Index",8.75,"Perceived importance of ecosystem services"
"Restoration_Implementation_Index",2.8461538461538463,"Perceived restoration implementation"
"Expected_Outcomes_Index",3.1333333333333333,"Expected restoration outcomes"
"Public_Support_Index",3.8333333333333335,"Public support for restoration"
"Ecosystem_Services_Index",9.125,"Perceived importance of ecosystem services"
"Restoration_Implementation_Index",3.5,"Perceived restoration implementation"
"Expected_Outcomes_Index",4.076923076923077,"Expected restoration outcomes"
"Public_Support_Index",4.166666666666667,"Public support for restoration"
"Ecosystem_Services_Index",9,"Perceived importance of ecosystem services"
"Public_Support_Index",2.1666666666666665,"Public support for restoration"
"Ecosystem_Services_Index",8,"Perceived importance of ecosystem services"
"Restoration_Implementation_Index",2.111111111111111,"Perceived restoration implementation"
"Expected_Outcomes_Index",4.454545454545454,"Expected restoration outcomes"
"Public_Support_Index",2.3333333333333335,"Public support for restoration"
"Ecosystem_Services_Index",10,"Perceived importance of ecosystem services"
"Restoration_Implementation_Index",3.642857142857143,"Perceived restoration implementation"
"Expected_Outcomes_Index",3.9375,"Expected restoration outcomes"
"Public_Support_Index",2,"Public support for restoration"
"Ecosystem_Services_Index",10,"Perceived importance of ecosystem services"
"Restoration_Implementation_Index",4.4,"Perceived restoration implementation"
"Expected_Outcomes_Index",4.1875,"Expected restoration outcomes"
"Public_Support_Index",4,"Public support for restoration"
"Ecosystem_Services_Index",10,"Perceived importance of ecosystem services"
"Restoration_Implementation_Index",5,"Perceived restoration implementation"
"Expected_Outcomes_Index",4.5625,"Expected restoration outcomes"
"Public_Support_Index",5,"Public support for restoration"
"Ecosystem_Services_Index",9.25,"Perceived importance of ecosystem services"
"Restoration_Implementation_Index",4.125,"Perceived restoration implementation"
"Expected_Outcomes_Index",4.3125,"Expected restoration outcomes"
"Public_Support_Index",3.1666666666666665,"Public support for restoration"
"Ecosystem_Services_Index",8.125,"Perceived importance of ecosystem services"
"Restoration_Implementation_Index",2.5,"Perceived restoration implementation"
"Expected_Outcomes_Index",3.5625,"Expected restoration outcomes"
"Public_Support_Index",3.1666666666666665,"Public support for restoration"
"Ecosystem_Services_Index",8,"Perceived importance of ecosystem services"
"Restoration_Implementation_Index",2.0714285714285716,"Perceived restoration implementation"
"Public_Support_Index",3.1666666666666665,"Public support for restoration"
"Ecosystem_Services_Index",8.875,"Perceived importance of ecosystem services"
"Expected_Outcomes_Index",4.125,"Expected restoration outcomes"
"Public_Support_Index",4.166666666666667,"Public support for restoration"
"Ecosystem_Services_Index",7.25,"Perceived importance of ecosystem services"
"Restoration_Implementation_Index",3.25,"Perceived restoration implementation"
"Expected_Outcomes_Index",4.25,"Expected restoration outcomes"
"Public_Support_Index",3.3333333333333335,"Public support for restoration"
"Ecosystem_Services_Index",7.5,"Perceived importance of ecosystem services"
"Public_Support_Index",3.5,"Public support for restoration"
"Ecosystem_Services_Index",10,"Perceived importance of ecosystem services"
"Public_Support_Index",3.3333333333333335,"Public support for restoration"
"Ecosystem_Services_Index",9.125,"Perceived importance of ecosystem services"
"Restoration_Implementation_Index",1.75,"Perceived restoration implementation"
"Expected_Outcomes_Index",3,"Expected restoration outcomes"
"Public_Support_Index",4.5,"Public support for restoration"
"Ecosystem_Services_Index",9.125,"Perceived importance of ecosystem services"
"Restoration_Implementation_Index",3.7857142857142856,"Perceived restoration implementation"
"Expected_Outcomes_Index",4.416666666666667,"Expected restoration outcomes"
"Public_Support_Index",3.5,"Public support for restoration"
"Ecosystem_Services_Index",9.75,"Perceived importance of ecosystem services"
"Restoration_Implementation_Index",4.363636363636363,"Perceived restoration implementation"
"Expected_Outcomes_Index",4.846153846153846,"Expected restoration outcomes"
"Public_Support_Index",3.8333333333333335,"Public support for restoration"
"Ecosystem_Services_Index",7.625,"Perceived importance of ecosystem services"
"Restoration_Implementation_Index",2,"Perceived restoration implementation"
"Expected_Outcomes_Index",1.5,"Expected restoration outcomes"
"Public_Support_Index",1.5,"Public support for restoration"
"Ecosystem_Services_Index",8.875,"Perceived importance of ecosystem services"
"Restoration_Implementation_Index",3.8461538461538463,"Perceived restoration implementation"
"Expected_Outcomes_Index",4.25,"Expected restoration outcomes"
"Public_Support_Index",3.8333333333333335,"Public support for restoration"
"Ecosystem_Services_Index",9,"Perceived importance of ecosystem services"
"Restoration_Implementation_Index",4.111111111111111,"Perceived restoration implementation"
"Expected_Outcomes_Index",3.4615384615384617,"Expected restoration outcomes"
"Public_Support_Index",3.5,"Public support for restoration"
"Ecosystem_Services_Index",8.75,"Perceived importance of ecosystem services"
"Restoration_Implementation_Index",3.5,"Perceived restoration implementation"
"Public_Support_Index",3.3333333333333335,"Public support for restoration"
"Ecosystem_Services_Index",8.375,"Perceived importance of ecosystem services"
"Public_Support_Index",3.5,"Public support for restoration"
"Ecosystem_Services_Index",8.875,"Perceived importance of ecosystem services"
"Restoration_Implementation_Index",3.857142857142857,"Perceived restoration implementation"
"Expected_Outcomes_Index",4.5,"Expected restoration outcomes"
"Public_Support_Index",3,"Public support for restoration"
"Ecosystem_Services_Index",10,"Perceived importance of ecosystem services"
"Restoration_Implementation_Index",5,"Perceived restoration implementation"
"Expected_Outcomes_Index",5,"Expected restoration outcomes"
"Public_Support_Index",5,"Public support for restoration"
"Ecosystem_Services_Index",9.75,"Perceived importance of ecosystem services"
"Public_Support_Index",3.5,"Public support for restoration"
"Ecosystem_Services_Index",7.25,"Perceived importance of ecosystem services"
"Restoration_Implementation_Index",3.5714285714285716,"Perceived restoration implementation"
"Expected_Outcomes_Index",3.25,"Expected restoration outcomes"
"Public_Support_Index",3.6666666666666665,"Public support for restoration"
"Ecosystem_Services_Index",10,"Perceived importance of ecosystem services"
"Restoration_Implementation_Index",5,"Perceived restoration implementation"
"Expected_Outcomes_Index",5,"Expected restoration outcomes"
"Public_Support_Index",4.833333333333333,"Public support for restoration"
"Ecosystem_Services_Index",9,"Perceived importance of ecosystem services"
"Restoration_Implementation_Index",4.214285714285714,"Perceived restoration implementation"
"Expected_Outcomes_Index",4.1875,"Expected restoration outcomes"
"Public_Support_Index",3.5,"Public support for restoration"
"Ecosystem_Services_Index",8.625,"Perceived importance of ecosystem services"
"Restoration_Implementation_Index",3.4545454545454546,"Perceived restoration implementation"
"Expected_Outcomes_Index",3.1333333333333333,"Expected restoration outcomes"
"Public_Support_Index",3.5,"Public support for restoration"
"Ecosystem_Services_Index",7.625,"Perceived importance of ecosystem services"
"Restoration_Implementation_Index",2.857142857142857,"Perceived restoration implementation"
"Public_Support_Index",3,"Public support for restoration"
"Ecosystem_Services_Index",8,"Perceived importance of ecosystem services"
"Restoration_Implementation_Index",3.4285714285714284,"Perceived restoration implementation"
"Expected_Outcomes_Index",3.5,"Expected restoration outcomes"
"Public_Support_Index",3,"Public support for restoration"
"Ecosystem_Services_Index",6.875,"Perceived importance of ecosystem services"
"Restoration_Implementation_Index",4.5,"Perceived restoration implementation"
"Expected_Outcomes_Index",4,"Expected restoration outcomes"
"Public_Support_Index",3.1666666666666665,"Public support for restoration"
"Ecosystem_Services_Index",8.875,"Perceived importance of ecosystem services"
"Restoration_Implementation_Index",3.909090909090909,"Perceived restoration implementation"
"Public_Support_Index",3.8333333333333335,"Public support for restoration"
"Ecosystem_Services_Index",7.125,"Perceived importance of ecosystem services"
"Restoration_Implementation_Index",2.9285714285714284,"Perceived restoration implementation"
"Expected_Outcomes_Index",2.8125,"Expected restoration outcomes"
"Public_Support_Index",3.5,"Public support for restoration"
"Ecosystem_Services_Index",6.875,"Perceived importance of ecosystem services"
"Expected_Outcomes_Index",3.9285714285714284,"Expected restoration outcomes"
"Public_Support_Index",3,"Public support for restoration"
"Ecosystem_Services_Index",8.125,"Perceived importance of ecosystem services"
"Expected_Outcomes_Index",3.272727272727273,"Expected restoration outcomes"
"Public_Support_Index",3.8333333333333335,"Public support for restoration"
"Ecosystem_Services_Index",8.75,"Perceived importance of ecosystem services"
"Restoration_Implementation_Index",1.8571428571428572,"Perceived restoration implementation"
"Expected_Outcomes_Index",3,"Expected restoration outcomes"
"Public_Support_Index",3.8333333333333335,"Public support for restoration"
"Ecosystem_Services_Index",9,"Perceived importance of ecosystem services"
"Restoration_Implementation_Index",4.833333333333333,"Perceived restoration implementation"
"Expected_Outcomes_Index",4.666666666666667,"Expected restoration outcomes"
"Public_Support_Index",3.6666666666666665,"Public support for restoration"
"Ecosystem_Services_Index",8.875,"Perceived importance of ecosystem services"
"Restoration_Implementation_Index",3.888888888888889,"Perceived restoration implementation"
"Expected_Outcomes_Index",4.384615384615385,"Expected restoration outcomes"
"Public_Support_Index",4.166666666666667,"Public support for restoration"
"Ecosystem_Services_Index",9.125,"Perceived importance of ecosystem services"
"Restoration_Implementation_Index",3.7142857142857144,"Perceived restoration implementation"
"Public_Support_Index",3,"Public support for restoration"
"Ecosystem_Services_Index",6.75,"Perceived importance of ecosystem services"
"Public_Support_Index",3.3333333333333335,"Public support for restoration"
"Ecosystem_Services_Index",6.625,"Perceived importance of ecosystem services"
"Expected_Outcomes_Index",3,"Expected restoration outcomes"
"Public_Support_Index",3,"Public support for restoration"
"Ecosystem_Services_Index",8.75,"Perceived importance of ecosystem services"
"Restoration_Implementation_Index",2.2857142857142856,"Perceived restoration implementation"
"Expected_Outcomes_Index",3.5,"Expected restoration outcomes"
"Public_Support_Index",2,"Public support for restoration"
"Ecosystem_Services_Index",9.625,"Perceived importance of ecosystem services"
"Restoration_Implementation_Index",4.214285714285714,"Perceived restoration implementation"
"Expected_Outcomes_Index",4.25,"Expected restoration outcomes"
"Public_Support_Index",3,"Public support for restoration"
"Ecosystem_Services_Index",8.625,"Perceived importance of ecosystem services"
"Public_Support_Index",4,"Public support for restoration"
"Ecosystem_Services_Index",9.875,"Perceived importance of ecosystem services"
"Restoration_Implementation_Index",3,"Perceived restoration implementation"
"Public_Support_Index",3.8333333333333335,"Public support for restoration"
"Ecosystem_Services_Index",10,"Perceived importance of ecosystem services"
"Restoration_Implementation_Index",3.857142857142857,"Perceived restoration implementation"
"Expected_Outcomes_Index",3.5,"Expected restoration outcomes"
"Public_Support_Index",3.3333333333333335,"Public support for restoration"
"Ecosystem_Services_Index",6,"Perceived importance of ecosystem services"
"Restoration_Implementation_Index",3.0833333333333335,"Perceived restoration implementation"
"Expected_Outcomes_Index",3.75,"Expected restoration outcomes"
"Public_Support_Index",2,"Public support for restoration"
"Ecosystem_Services_Index",10,"Perceived importance of ecosystem services"
"Expected_Outcomes_Index",3,"Expected restoration outcomes"
"Public_Support_Index",2.6666666666666665,"Public support for restoration"
"Ecosystem_Services_Index",8.75,"Perceived importance of ecosystem services"
"Restoration_Implementation_Index",3.5,"Perceived restoration implementation"
"Public_Support_Index",3.5,"Public support for restoration"
"Ecosystem_Services_Index",8.875,"Perceived importance of ecosystem services"
"Restoration_Implementation_Index",2.6666666666666665,"Perceived restoration implementation"
"Expected_Outcomes_Index",4.3076923076923075,"Expected restoration outcomes"
"Public_Support_Index",4.666666666666667,"Public support for restoration"
"Ecosystem_Services_Index",8.875,"Perceived importance of ecosystem services"
"Restoration_Implementation_Index",3.2857142857142856,"Perceived restoration implementation"
"Expected_Outcomes_Index",2.8,"Expected restoration outcomes"
"Public_Support_Index",4,"Public support for restoration"
"Ecosystem_Services_Index",9.375,"Perceived importance of ecosystem services"
"Restoration_Implementation_Index",2.7,"Perceived restoration implementation"
"Expected_Outcomes_Index",4,"Expected restoration outcomes"
"Public_Support_Index",4,"Public support for restoration"
"Ecosystem_Services_Index",4.75,"Perceived importance of ecosystem services"
"Restoration_Implementation_Index",4.214285714285714,"Perceived restoration implementation"
"Expected_Outcomes_Index",4.4375,"Expected restoration outcomes"
"Public_Support_Index",4.333333333333333,"Public support for restoration"
"Ecosystem_Services_Index",8.875,"Perceived importance of ecosystem services"
"Expected_Outcomes_Index",3.875,"Expected restoration outcomes"
"Public_Support_Index",3.5,"Public support for restoration"
"Ecosystem_Services_Index",9.875,"Perceived importance of ecosystem services"
"Public_Support_Index",3,"Public support for restoration"
"Ecosystem_Services_Index",8.375,"Perceived importance of ecosystem services"
"Restoration_Implementation_Index",3.5,"Perceived restoration implementation"
"Expected_Outcomes_Index",3.0625,"Expected restoration outcomes"
"Public_Support_Index",2.8333333333333335,"Public support for restoration"
"Ecosystem_Services_Index",7.625,"Perceived importance of ecosystem services"
"Restoration_Implementation_Index",4,"Perceived restoration implementation"
"Expected_Outcomes_Index",4.3125,"Expected restoration outcomes"
"Public_Support_Index",2.8333333333333335,"Public support for restoration"
"Ecosystem_Services_Index",8,"Perceived importance of ecosystem services"
"Restoration_Implementation_Index",4.142857142857143,"Perceived restoration implementation"
"Expected_Outcomes_Index",5,"Expected restoration outcomes"
"Public_Support_Index",4,"Public support for restoration"
"Ecosystem_Services_Index",8.875,"Perceived importance of ecosystem services"
"Restoration_Implementation_Index",4.1,"Perceived restoration implementation"
"Expected_Outcomes_Index",3,"Expected restoration outcomes"
"Public_Support_Index",3.8333333333333335,"Public support for restoration"
"Ecosystem_Services_Index",7,"Perceived importance of ecosystem services"
"Restoration_Implementation_Index",3,"Perceived restoration implementation"
"Expected_Outcomes_Index",4,"Expected restoration outcomes"
"Public_Support_Index",2.3333333333333335,"Public support for restoration"
"Ecosystem_Services_Index",9.5,"Perceived importance of ecosystem services"
"Public_Support_Index",4.5,"Public support for restoration"
"Ecosystem_Services_Index",9,"Perceived importance of ecosystem services"
"Restoration_Implementation_Index",3.6666666666666665,"Perceived restoration implementation"
"Expected_Outcomes_Index",4.0625,"Expected restoration outcomes"
"Public_Support_Index",2.6666666666666665,"Public support for restoration"
"Ecosystem_Services_Index",6.75,"Perceived importance of ecosystem services"
"Restoration_Implementation_Index",3.7857142857142856,"Perceived restoration implementation"
"Expected_Outcomes_Index",2.9375,"Expected restoration outcomes"
"Public_Support_Index",3.1666666666666665,"Public support for restoration"
"Ecosystem_Services_Index",6.875,"Perceived importance of ecosystem services"
"Restoration_Implementation_Index",2.230769230769231,"Perceived restoration implementation"
"Expected_Outcomes_Index",4,"Expected restoration outcomes"
"Public_Support_Index",2.8333333333333335,"Public support for restoration"
"Ecosystem_Services_Index",8.625,"Perceived importance of ecosystem services"
"Restoration_Implementation_Index",2.857142857142857,"Perceived restoration implementation"
"Public_Support_Index",2.8333333333333335,"Public support for restoration"
"Ecosystem_Services_Index",9,"Perceived importance of ecosystem services"
"Restoration_Implementation_Index",1.0714285714285714,"Perceived restoration implementation"
"Expected_Outcomes_Index",2.2222222222222223,"Expected restoration outcomes"
"Public_Support_Index",3.1666666666666665,"Public support for restoration"
"Ecosystem_Services_Index",7.25,"Perceived importance of ecosystem services"
"Restoration_Implementation_Index",2.6153846153846154,"Perceived restoration implementation"
"Public_Support_Index",2.8333333333333335,"Public support for restoration"
"Ecosystem_Services_Index",9.5,"Perceived importance of ecosystem services"
"Expected_Outcomes_Index",3.6666666666666665,"Expected restoration outcomes"
"Public_Support_Index",3.8333333333333335,"Public support for restoration"
"Ecosystem_Services_Index",10,"Perceived importance of ecosystem services"
"Restoration_Implementation_Index",4,"Perceived restoration implementation"
"Expected_Outcomes_Index",5,"Expected restoration outcomes"
"Public_Support_Index",2,"Public support for restoration"
"Ecosystem_Services_Index",10,"Perceived importance of ecosystem services"
"Restoration_Implementation_Index",4.6,"Perceived restoration implementation"
"Expected_Outcomes_Index",4.733333333333333,"Expected restoration outcomes"
"Public_Support_Index",4,"Public support for restoration"
"Ecosystem_Services_Index",8.25,"Perceived importance of ecosystem services"
"Restoration_Implementation_Index",3.5714285714285716,"Perceived restoration implementation"
"Expected_Outcomes_Index",3.4,"Expected restoration outcomes"
"Public_Support_Index",3,"Public support for restoration"
"Ecosystem_Services_Index",10,"Perceived importance of ecosystem services"
"Public_Support_Index",3.6666666666666665,"Public support for restoration"
"Ecosystem_Services_Index",0.625,"Perceived importance of ecosystem services"
"Public_Support_Index",2.6666666666666665,"Public support for restoration"
"Ecosystem_Services_Index",9.5,"Perceived importance of ecosystem services"
"Expected_Outcomes_Index",4.3125,"Expected restoration outcomes"
"Public_Support_Index",3,"Public support for restoration"
"Ecosystem_Services_Index",8.125,"Perceived importance of ecosystem services"
"Expected_Outcomes_Index",3.933333333333333,"Expected restoration outcomes"
"Public_Support_Index",4.666666666666667,"Public support for restoration"
"Ecosystem_Services_Index",10,"Perceived importance of ecosystem services"
"Restoration_Implementation_Index",3.7142857142857144,"Perceived restoration implementation"
"Expected_Outcomes_Index",3.625,"Expected restoration outcomes"
"Public_Support_Index",5,"Public support for restoration"
"Ecosystem_Services_Index",7,"Perceived importance of ecosystem services"
"Restoration_Implementation_Index",2.9285714285714284,"Perceived restoration implementation"
"Expected_Outcomes_Index",3.8666666666666667,"Expected restoration outcomes"
"Public_Support_Index",3.5,"Public support for restoration"
"Ecosystem_Services_Index",9.375,"Perceived importance of ecosystem services"
"Expected_Outcomes_Index",4.538461538461538,"Expected restoration outcomes"
"Public_Support_Index",3,"Public support for restoration"
"Ecosystem_Services_Index",9.75,"Perceived importance of ecosystem services"
"Restoration_Implementation_Index",3,"Perceived restoration implementation"
"Expected_Outcomes_Index",3.3846153846153846,"Expected restoration outcomes"
"Public_Support_Index",1.6666666666666667,"Public support for restoration"
"Ecosystem_Services_Index",8.625,"Perceived importance of ecosystem services"
"Restoration_Implementation_Index",3.5714285714285716,"Perceived restoration implementation"
"Expected_Outcomes_Index",3.625,"Expected restoration outcomes"
"Public_Support_Index",3.6666666666666665,"Public support for restoration"
"Ecosystem_Services_Index",8.75,"Perceived importance of ecosystem services"
"Restoration_Implementation_Index",4.428571428571429,"Perceived restoration implementation"
"Expected_Outcomes_Index",3.8666666666666667,"Expected restoration outcomes"
"Public_Support_Index",2.8333333333333335,"Public support for restoration"
"Ecosystem_Services_Index",7,"Perceived importance of ecosystem services"
"Expected_Outcomes_Index",3.1,"Expected restoration outcomes"
"Public_Support_Index",2.6666666666666665,"Public support for restoration"
"Ecosystem_Services_Index",10,"Perceived importance of ecosystem services"
"Restoration_Implementation_Index",5,"Perceived restoration implementation"
"Expected_Outcomes_Index",5,"Expected restoration outcomes"
"Public_Support_Index",5,"Public support for restoration"
"Ecosystem_Services_Index",7.125,"Perceived importance of ecosystem services"
"Restoration_Implementation_Index",2.4285714285714284,"Perceived restoration implementation"
"Public_Support_Index",2.3333333333333335,"Public support for restoration"
"Ecosystem_Services_Index",7.375,"Perceived importance of ecosystem services"
"Restoration_Implementation_Index",3.4166666666666665,"Perceived restoration implementation"
"Expected_Outcomes_Index",3.066666666666667,"Expected restoration outcomes"
"Public_Support_Index",4,"Public support for restoration"
"Ecosystem_Services_Index",8,"Perceived importance of ecosystem services"
"Restoration_Implementation_Index",4,"Perceived restoration implementation"
"Expected_Outcomes_Index",4.375,"Expected restoration outcomes"
"Public_Support_Index",3.5,"Public support for restoration"
"Ecosystem_Services_Index",9.875,"Perceived importance of ecosystem services"
"Restoration_Implementation_Index",3.3,"Perceived restoration implementation"
"Expected_Outcomes_Index",4.125,"Expected restoration outcomes"
"Public_Support_Index",3.3333333333333335,"Public support for restoration"
"Ecosystem_Services_Index",8.125,"Perceived importance of ecosystem services"
"Restoration_Implementation_Index",3.5714285714285716,"Perceived restoration implementation"
"Expected_Outcomes_Index",3.375,"Expected restoration outcomes"
"Public_Support_Index",4,"Public support for restoration"
"Ecosystem_Services_Index",10,"Perceived importance of ecosystem services"
"Expected_Outcomes_Index",4.333333333333333,"Expected restoration outcomes"
"Public_Support_Index",4,"Public support for restoration"
"Ecosystem_Services_Index",8.25,"Perceived importance of ecosystem services"
"Restoration_Implementation_Index",2.272727272727273,"Perceived restoration implementation"
"Expected_Outcomes_Index",3.4545454545454546,"Expected restoration outcomes"
"Public_Support_Index",2.1666666666666665,"Public support for restoration"
"Ecosystem_Services_Index",9.375,"Perceived importance of ecosystem services"
"Restoration_Implementation_Index",3.3333333333333335,"Perceived restoration implementation"
"Expected_Outcomes_Index",3.1875,"Expected restoration outcomes"
"Public_Support_Index",2.8333333333333335,"Public support for restoration"
"Ecosystem_Services_Index",8.25,"Perceived importance of ecosystem services"
"Restoration_Implementation_Index",4.5,"Perceived restoration implementation"
"Expected_Outcomes_Index",4.111111111111111,"Expected restoration outcomes"
"Public_Support_Index",4.166666666666667,"Public support for restoration"
"Ecosystem_Services_Index",9,"Perceived importance of ecosystem services"
"Expected_Outcomes_Index",4.363636363636363,"Expected restoration outcomes"
"Public_Support_Index",3,"Public support for restoration"
"Ecosystem_Services_Index",9.75,"Perceived importance of ecosystem services"
"Restoration_Implementation_Index",3.2857142857142856,"Perceived restoration implementation"
"Public_Support_Index",3.8333333333333335,"Public support for restoration"
"Ecosystem_Services_Index",9.75,"Perceived importance of ecosystem services"
"Restoration_Implementation_Index",3.9285714285714284,"Perceived restoration implementation"
"Expected_Outcomes_Index",3.466666666666667,"Expected restoration outcomes"
"Public_Support_Index",4,"Public support for restoration"
"Ecosystem_Services_Index",8.625,"Perceived importance of ecosystem services"
"Restoration_Implementation_Index",2.2142857142857144,"Perceived restoration implementation"
"Expected_Outcomes_Index",4,"Expected restoration outcomes"
"Public_Support_Index",2.8333333333333335,"Public support for restoration"
"Ecosystem_Services_Index",8.875,"Perceived importance of ecosystem services"
"Restoration_Implementation_Index",3.5,"Perceived restoration implementation"
"Expected_Outcomes_Index",4.142857142857143,"Expected restoration outcomes"
"Public_Support_Index",3.3333333333333335,"Public support for restoration"
"Ecosystem_Services_Index",9.75,"Perceived importance of ecosystem services"
"Restoration_Implementation_Index",4.625,"Perceived restoration implementation"
"Expected_Outcomes_Index",4.0625,"Expected restoration outcomes"
"Public_Support_Index",3.5,"Public support for restoration"
"Ecosystem_Services_Index",7.5,"Perceived importance of ecosystem services"
"Restoration_Implementation_Index",3,"Perceived restoration implementation"
"Expected_Outcomes_Index",3.6875,"Expected restoration outcomes"
"Public_Support_Index",2.8333333333333335,"Public support for restoration"
"Ecosystem_Services_Index",9.375,"Perceived importance of ecosystem services"
"Restoration_Implementation_Index",3.7142857142857144,"Perceived restoration implementation"
"Public_Support_Index",3,"Public support for restoration"
"Ecosystem_Services_Index",8.25,"Perceived importance of ecosystem services"
"Expected_Outcomes_Index",4.363636363636363,"Expected restoration outcomes"
"Public_Support_Index",3.8333333333333335,"Public support for restoration"
"Ecosystem_Services_Index",10,"Perceived importance of ecosystem services"
"Public_Support_Index",1,"Public support for restoration"
"Ecosystem_Services_Index",8.625,"Perceived importance of ecosystem services"
"Restoration_Implementation_Index",4.642857142857143,"Perceived restoration implementation"
"Expected_Outcomes_Index",4.4375,"Expected restoration outcomes"
"Public_Support_Index",3.1666666666666665,"Public support for restoration"
"Ecosystem_Services_Index",7.875,"Perceived importance of ecosystem services"
"Restoration_Implementation_Index",3.9285714285714284,"Perceived restoration implementation"
"Expected_Outcomes_Index",3.8125,"Expected restoration outcomes"
"Public_Support_Index",3.8333333333333335,"Public support for restoration"
"Ecosystem_Services_Index",8.75,"Perceived importance of ecosystem services"
"Restoration_Implementation_Index",3.857142857142857,"Perceived restoration implementation"
"Expected_Outcomes_Index",3.5625,"Expected restoration outcomes"
"Public_Support_Index",3.8333333333333335,"Public support for restoration"
"Ecosystem_Services_Index",10,"Perceived importance of ecosystem services"
"Restoration_Implementation_Index",4.214285714285714,"Perceived restoration implementation"
"Expected_Outcomes_Index",4.125,"Expected restoration outcomes"
"Public_Support_Index",4.666666666666667,"Public support for restoration"
"Ecosystem_Services_Index",7.875,"Perceived importance of ecosystem services"
"Restoration_Implementation_Index",3.6666666666666665,"Perceived restoration implementation"
"Expected_Outcomes_Index",3.5,"Expected restoration outcomes"
"Public_Support_Index",2.3333333333333335,"Public support for restoration"
"Ecosystem_Services_Index",8.375,"Perceived importance of ecosystem services"
"Restoration_Implementation_Index",4.071428571428571,"Perceived restoration implementation"
"Expected_Outcomes_Index",3.4375,"Expected restoration outcomes"
"Public_Support_Index",3.6666666666666665,"Public support for restoration"
"Ecosystem_Services_Index",8.5,"Perceived importance of ecosystem services"
"Restoration_Implementation_Index",4.214285714285714,"Perceived restoration implementation"
"Expected_Outcomes_Index",4.466666666666667,"Expected restoration outcomes"
"Public_Support_Index",3.8333333333333335,"Public support for restoration"
"Ecosystem_Services_Index",6,"Perceived importance of ecosystem services"
"Restoration_Implementation_Index",3,"Perceived restoration implementation"
"Expected_Outcomes_Index",3.8125,"Expected restoration outcomes"
"Public_Support_Index",4,"Public support for restoration"
"Ecosystem_Services_Index",8.375,"Perceived importance of ecosystem services"
"Expected_Outcomes_Index",5,"Expected restoration outcomes"
"Public_Support_Index",2.8333333333333335,"Public support for restoration"
"Ecosystem_Services_Index",9.125,"Perceived importance of ecosystem services"
"Restoration_Implementation_Index",4.642857142857143,"Perceived restoration implementation"
"Expected_Outcomes_Index",3.5625,"Expected restoration outcomes"
"Public_Support_Index",2.6666666666666665,"Public support for restoration"
"Ecosystem_Services_Index",10,"Perceived importance of ecosystem services"
"Restoration_Implementation_Index",4.333333333333333,"Perceived restoration implementation"
"Expected_Outcomes_Index",5,"Expected restoration outcomes"
"Public_Support_Index",3.5,"Public support for restoration"
"Ecosystem_Services_Index",7.375,"Perceived importance of ecosystem services"
"Restoration_Implementation_Index",2.5714285714285716,"Perceived restoration implementation"
"Expected_Outcomes_Index",3.6875,"Expected restoration outcomes"
"Public_Support_Index",3,"Public support for restoration"
"Ecosystem_Services_Index",7.25,"Perceived importance of ecosystem services"
"Restoration_Implementation_Index",2.2857142857142856,"Perceived restoration implementation"
"Expected_Outcomes_Index",3.4285714285714284,"Expected restoration outcomes"
"Public_Support_Index",3.3333333333333335,"Public support for restoration"
"Ecosystem_Services_Index",9.125,"Perceived importance of ecosystem services"
"Restoration_Implementation_Index",3.4444444444444446,"Perceived restoration implementation"
"Expected_Outcomes_Index",3.6666666666666665,"Expected restoration outcomes"
"Public_Support_Index",3,"Public support for restoration"
"Ecosystem_Services_Index",6.25,"Perceived importance of ecosystem services"
"Restoration_Implementation_Index",2,"Perceived restoration implementation"
"Expected_Outcomes_Index",3.4,"Expected restoration outcomes"
"Public_Support_Index",2.8333333333333335,"Public support for restoration"
"Ecosystem_Services_Index",6.75,"Perceived importance of ecosystem services"
"Restoration_Implementation_Index",3.0714285714285716,"Perceived restoration implementation"
"Expected_Outcomes_Index",3.5,"Expected restoration outcomes"
"Public_Support_Index",2.8333333333333335,"Public support for restoration"
"Ecosystem_Services_Index",7.875,"Perceived importance of ecosystem services"
"Restoration_Implementation_Index",2.2857142857142856,"Perceived restoration implementation"
"Expected_Outcomes_Index",2.625,"Expected restoration outcomes"
"Public_Support_Index",3.1666666666666665,"Public support for restoration"
"Ecosystem_Services_Index",8,"Perceived importance of ecosystem services"
"Restoration_Implementation_Index",3.6666666666666665,"Perceived restoration implementation"
"Public_Support_Index",2.5,"Public support for restoration"
"Ecosystem_Services_Index",7.125,"Perceived importance of ecosystem services"
"Restoration_Implementation_Index",3.076923076923077,"Perceived restoration implementation"
"Expected_Outcomes_Index",3.0833333333333335,"Expected restoration outcomes"
"Public_Support_Index",3,"Public support for restoration"
"Ecosystem_Services_Index",8.125,"Perceived importance of ecosystem services"
"Restoration_Implementation_Index",4,"Perceived restoration implementation"
"Expected_Outcomes_Index",3.7857142857142856,"Expected restoration outcomes"
"Public_Support_Index",1.6666666666666667,"Public support for restoration"
"Ecosystem_Services_Index",9.125,"Perceived importance of ecosystem services"
"Restoration_Implementation_Index",4,"Perceived restoration implementation"
"Expected_Outcomes_Index",4.0625,"Expected restoration outcomes"
"Public_Support_Index",3.8333333333333335,"Public support for restoration"
"Ecosystem_Services_Index",10,"Perceived importance of ecosystem services"
"Restoration_Implementation_Index",3.8,"Perceived restoration implementation"
"Expected_Outcomes_Index",4.142857142857143,"Expected restoration outcomes"
"Public_Support_Index",3.1666666666666665,"Public support for restoration"
"Ecosystem_Services_Index",9.5,"Perceived importance of ecosystem services"
"Restoration_Implementation_Index",3.5,"Perceived restoration implementation"
"Public_Support_Index",3.8333333333333335,"Public support for restoration"
"Ecosystem_Services_Index",10,"Perceived importance of ecosystem services"
"Restoration_Implementation_Index",3,"Perceived restoration implementation"
"Expected_Outcomes_Index",3.625,"Expected restoration outcomes"
"Public_Support_Index",3,"Public support for restoration"
"Ecosystem_Services_Index",7.5,"Perceived importance of ecosystem services"
"Restoration_Implementation_Index",2.142857142857143,"Perceived restoration implementation"
"Expected_Outcomes_Index",3.6875,"Expected restoration outcomes"
"Public_Support_Index",4,"Public support for restoration"
"Ecosystem_Services_Index",9.5,"Perceived importance of ecosystem services"
"Restoration_Implementation_Index",3.5714285714285716,"Perceived restoration implementation"
"Expected_Outcomes_Index",3.875,"Expected restoration outcomes"
"Public_Support_Index",4.666666666666667,"Public support for restoration"
"Ecosystem_Services_Index",8.75,"Perceived importance of ecosystem services"
"Restoration_Implementation_Index",4.142857142857143,"Perceived restoration implementation"
"Expected_Outcomes_Index",4.5,"Expected restoration outcomes"
"Public_Support_Index",4,"Public support for restoration"
"Ecosystem_Services_Index",7.375,"Perceived importance of ecosystem services"
"Public_Support_Index",2.6666666666666665,"Public support for restoration"
"Ecosystem_Services_Index",8.25,"Perceived importance of ecosystem services"
"Restoration_Implementation_Index",3.909090909090909,"Perceived restoration implementation"
"Expected_Outcomes_Index",3,"Expected restoration outcomes"
"Public_Support_Index",3.3333333333333335,"Public support for restoration"
"Ecosystem_Services_Index",8.125,"Perceived importance of ecosystem services"
"Expected_Outcomes_Index",4.428571428571429,"Expected restoration outcomes"
"Public_Support_Index",3.6666666666666665,"Public support for restoration"
"Ecosystem_Services_Index",8.25,"Perceived importance of ecosystem services"
"Restoration_Implementation_Index",3.142857142857143,"Perceived restoration implementation"
"Expected_Outcomes_Index",3.4375,"Expected restoration outcomes"
"Public_Support_Index",2.5,"Public support for restoration"
"Ecosystem_Services_Index",9.125,"Perceived importance of ecosystem services"
"Restoration_Implementation_Index",2.2142857142857144,"Perceived restoration implementation"
"Expected_Outcomes_Index",3.2666666666666666,"Expected restoration outcomes"
"Public_Support_Index",3.5,"Public support for restoration"
"Ecosystem_Services_Index",7.5,"Perceived importance of ecosystem services"
"Public_Support_Index",3.3333333333333335,"Public support for restoration"
"Ecosystem_Services_Index",9,"Perceived importance of ecosystem services"
"Restoration_Implementation_Index",3.2857142857142856,"Perceived restoration implementation"
"Expected_Outcomes_Index",3.8125,"Expected restoration outcomes"
"Public_Support_Index",4.166666666666667,"Public support for restoration"
"Ecosystem_Services_Index",8.125,"Perceived importance of ecosystem services"
"Restoration_Implementation_Index",3.2857142857142856,"Perceived restoration implementation"
"Expected_Outcomes_Index",3.1875,"Expected restoration outcomes"
"Public_Support_Index",3.3333333333333335,"Public support for restoration"
"Ecosystem_Services_Index",9.25,"Perceived importance of ecosystem services"
"Public_Support_Index",1.3333333333333333,"Public support for restoration"
"Ecosystem_Services_Index",9.125,"Perceived importance of ecosystem services"
"Restoration_Implementation_Index",3.2,"Perceived restoration implementation"
"Expected_Outcomes_Index",3.8,"Expected restoration outcomes"
"Public_Support_Index",3.5,"Public support for restoration"
"Ecosystem_Services_Index",8.625,"Perceived importance of ecosystem services"
"Restoration_Implementation_Index",3.4615384615384617,"Perceived restoration implementation"
"Expected_Outcomes_Index",3.8125,"Expected restoration outcomes"
"Public_Support_Index",3.8333333333333335,"Public support for restoration"
"Ecosystem_Services_Index",9,"Perceived importance of ecosystem services"
"Restoration_Implementation_Index",3.625,"Perceived restoration implementation"
"Expected_Outcomes_Index",4,"Expected restoration outcomes"
"Public_Support_Index",3.8333333333333335,"Public support for restoration"
"Ecosystem_Services_Index",9.125,"Perceived importance of ecosystem services"
"Expected_Outcomes_Index",5,"Expected restoration outcomes"
"Public_Support_Index",3.6666666666666665,"Public support for restoration"
"Ecosystem_Services_Index",8.25,"Perceived importance of ecosystem services"
"Public_Support_Index",3.5,"Public support for restoration"
"Ecosystem_Services_Index",9.25,"Perceived importance of ecosystem services"
"Restoration_Implementation_Index",3.4285714285714284,"Perceived restoration implementation"
"Expected_Outcomes_Index",5,"Expected restoration outcomes"
"Public_Support_Index",2.3333333333333335,"Public support for restoration"
"Ecosystem_Services_Index",9.625,"Perceived importance of ecosystem services"
"Public_Support_Index",3.6666666666666665,"Public support for restoration"
"Ecosystem_Services_Index",6.125,"Perceived importance of ecosystem services"
"Expected_Outcomes_Index",4,"Expected restoration outcomes"
"Public_Support_Index",3.3333333333333335,"Public support for restoration"
"Ecosystem_Services_Index",7.625,"Perceived importance of ecosystem services"
"Restoration_Implementation_Index",2.5,"Perceived restoration implementation"
"Expected_Outcomes_Index",3.3333333333333335,"Expected restoration outcomes"
"Public_Support_Index",3,"Public support for restoration"
"Ecosystem_Services_Index",9,"Perceived importance of ecosystem services"
"Restoration_Implementation_Index",3.3333333333333335,"Perceived restoration implementation"
"Expected_Outcomes_Index",3.3846153846153846,"Expected restoration outcomes"
"Public_Support_Index",3.3333333333333335,"Public support for restoration"
"Ecosystem_Services_Index",9.75,"Perceived importance of ecosystem services"
"Restoration_Implementation_Index",3.75,"Perceived restoration implementation"
"Expected_Outcomes_Index",3.25,"Expected restoration outcomes"
"Public_Support_Index",3,"Public support for restoration"
"Ecosystem_Services_Index",6.5,"Perceived importance of ecosystem services"
"Restoration_Implementation_Index",4.285714285714286,"Perceived restoration implementation"
"Expected_Outcomes_Index",3.5,"Expected restoration outcomes"
"Public_Support_Index",3.5,"Public support for restoration"
"Ecosystem_Services_Index",8.125,"Perceived importance of ecosystem services"
"Restoration_Implementation_Index",3.6923076923076925,"Perceived restoration implementation"
"Expected_Outcomes_Index",3.8461538461538463,"Expected restoration outcomes"
"Public_Support_Index",3,"Public support for restoration"
"Ecosystem_Services_Index",10,"Perceived importance of ecosystem services"
"Public_Support_Index",3.3333333333333335,"Public support for restoration"
"Ecosystem_Services_Index",7.125,"Perceived importance of ecosystem services"
"Public_Support_Index",2.8333333333333335,"Public support for restoration"
"Ecosystem_Services_Index",8.125,"Perceived importance of ecosystem services"
"Restoration_Implementation_Index",3.357142857142857,"Perceived restoration implementation"
"Expected_Outcomes_Index",3.625,"Expected restoration outcomes"
"Public_Support_Index",3.5,"Public support for restoration"
"Ecosystem_Services_Index",9.5,"Perceived importance of ecosystem services"
"Restoration_Implementation_Index",3.5,"Perceived restoration implementation"
"Expected_Outcomes_Index",4,"Expected restoration outcomes"
"Public_Support_Index",3.8333333333333335,"Public support for restoration"
"Ecosystem_Services_Index",7.875,"Perceived importance of ecosystem services"
"Public_Support_Index",3.8333333333333335,"Public support for restoration"
"Ecosystem_Services_Index",9.25,"Perceived importance of ecosystem services"
"Restoration_Implementation_Index",3,"Perceived restoration implementation"
"Expected_Outcomes_Index",4.25,"Expected restoration outcomes"
"Public_Support_Index",4.833333333333333,"Public support for restoration"
"Ecosystem_Services_Index",10,"Perceived importance of ecosystem services"
"Public_Support_Index",3,"Public support for restoration"
"Ecosystem_Services_Index",10,"Perceived importance of ecosystem services"
"Restoration_Implementation_Index",5,"Perceived restoration implementation"
"Expected_Outcomes_Index",4.75,"Expected restoration outcomes"
"Public_Support_Index",2,"Public support for restoration"
"Ecosystem_Services_Index",8.625,"Perceived importance of ecosystem services"
"Restoration_Implementation_Index",1.4285714285714286,"Perceived restoration implementation"
"Expected_Outcomes_Index",3.75,"Expected restoration outcomes"
"Public_Support_Index",4.166666666666667,"Public support for restoration"
"Ecosystem_Services_Index",9.5,"Perceived importance of ecosystem services"
"Restoration_Implementation_Index",3.5714285714285716,"Perceived restoration implementation"
"Expected_Outcomes_Index",3.8181818181818183,"Expected restoration outcomes"
"Public_Support_Index",3.8333333333333335,"Public support for restoration"
"Ecosystem_Services_Index",10,"Perceived importance of ecosystem services"
"Restoration_Implementation_Index",4,"Perceived restoration implementation"
"Expected_Outcomes_Index",5,"Expected restoration outcomes"
"Public_Support_Index",4,"Public support for restoration"
"Ecosystem_Services_Index",8.625,"Perceived importance of ecosystem services"
"Restoration_Implementation_Index",3.625,"Perceived restoration implementation"
"Expected_Outcomes_Index",4.454545454545454,"Expected restoration outcomes"
"Public_Support_Index",4.166666666666667,"Public support for restoration"
"Ecosystem_Services_Index",8.375,"Perceived importance of ecosystem services"
"Public_Support_Index",3,"Public support for restoration"
"Ecosystem_Services_Index",6.125,"Perceived importance of ecosystem services"
"Restoration_Implementation_Index",2,"Perceived restoration implementation"
"Expected_Outcomes_Index",3.125,"Expected restoration outcomes"
"Public_Support_Index",4,"Public support for restoration"
"Ecosystem_Services_Index",7.375,"Perceived importance of ecosystem services"
"Public_Support_Index",2,"Public support for restoration"
"Ecosystem_Services_Index",8.875,"Perceived importance of ecosystem services"
"Restoration_Implementation_Index",4.428571428571429,"Perceived restoration implementation"
"Expected_Outcomes_Index",3.9375,"Expected restoration outcomes"
"Public_Support_Index",3.6666666666666665,"Public support for restoration"
"Ecosystem_Services_Index",9.625,"Perceived importance of ecosystem services"
"Restoration_Implementation_Index",2.357142857142857,"Perceived restoration implementation"
"Expected_Outcomes_Index",3.875,"Expected restoration outcomes"
"Public_Support_Index",3.8333333333333335,"Public support for restoration"
"Ecosystem_Services_Index",10,"Perceived importance of ecosystem services"
"Restoration_Implementation_Index",4.230769230769231,"Perceived restoration implementation"
"Expected_Outcomes_Index",4.9,"Expected restoration outcomes"
"Public_Support_Index",5,"Public support for restoration"
"Ecosystem_Services_Index",9.75,"Perceived importance of ecosystem services"
"Restoration_Implementation_Index",2.642857142857143,"Perceived restoration implementation"
"Expected_Outcomes_Index",3.5,"Expected restoration outcomes"
"Public_Support_Index",3.5,"Public support for restoration"
"Ecosystem_Services_Index",8.625,"Perceived importance of ecosystem services"
"Restoration_Implementation_Index",4.571428571428571,"Perceived restoration implementation"
"Expected_Outcomes_Index",5,"Expected restoration outcomes"
"Public_Support_Index",4.666666666666667,"Public support for restoration"
"Ecosystem_Services_Index",8.125,"Perceived importance of ecosystem services"
"Restoration_Implementation_Index",4.142857142857143,"Perceived restoration implementation"
"Public_Support_Index",3.6666666666666665,"Public support for restoration"
"Ecosystem_Services_Index",8.5,"Perceived importance of ecosystem services"
"Restoration_Implementation_Index",3.5454545454545454,"Perceived restoration implementation"
"Expected_Outcomes_Index",4.0625,"Expected restoration outcomes"
"Public_Support_Index",2,"Public support for restoration"
"Ecosystem_Services_Index",9.75,"Perceived importance of ecosystem services"
"Restoration_Implementation_Index",4.2,"Perceived restoration implementation"
"Expected_Outcomes_Index",4.25,"Expected restoration outcomes"
"Public_Support_Index",4.333333333333333,"Public support for restoration"
"Ecosystem_Services_Index",8.875,"Perceived importance of ecosystem services"
"Restoration_Implementation_Index",3,"Perceived restoration implementation"
"Expected_Outcomes_Index",4,"Expected restoration outcomes"
"Public_Support_Index",1.5,"Public support for restoration"
"Ecosystem_Services_Index",10,"Perceived importance of ecosystem services"
"Public_Support_Index",2,"Public support for restoration"
"Ecosystem_Services_Index",5,"Perceived importance of ecosystem services"
"Expected_Outcomes_Index",3,"Expected restoration outcomes"
"Public_Support_Index",3,"Public support for restoration"
"Ecosystem_Services_Index",7.875,"Perceived importance of ecosystem services"
"Restoration_Implementation_Index",3.4285714285714284,"Perceived restoration implementation"
"Expected_Outcomes_Index",3.75,"Expected restoration outcomes"
"Public_Support_Index",3.3333333333333335,"Public support for restoration"
"Ecosystem_Services_Index",8.625,"Perceived importance of ecosystem services"
"Restoration_Implementation_Index",3.7142857142857144,"Perceived restoration implementation"
"Expected_Outcomes_Index",5,"Expected restoration outcomes"
"Public_Support_Index",5,"Public support for restoration"
"Ecosystem_Services_Index",9.75,"Perceived importance of ecosystem services"
"Restoration_Implementation_Index",3.625,"Perceived restoration implementation"
"Expected_Outcomes_Index",3.1666666666666665,"Expected restoration outcomes"
"Public_Support_Index",3,"Public support for restoration"
"Ecosystem_Services_Index",9.875,"Perceived importance of ecosystem services"
"Restoration_Implementation_Index",4.142857142857143,"Perceived restoration implementation"
"Expected_Outcomes_Index",4.3125,"Expected restoration outcomes"
"Public_Support_Index",4,"Public support for restoration"
"Ecosystem_Services_Index",7.625,"Perceived importance of ecosystem services"
"Expected_Outcomes_Index",3.8461538461538463,"Expected restoration outcomes"
"Public_Support_Index",3.1666666666666665,"Public support for restoration"
"Ecosystem_Services_Index",7,"Perceived importance of ecosystem services"
"Restoration_Implementation_Index",2.7,"Perceived restoration implementation"
"Public_Support_Index",3.1666666666666665,"Public support for restoration"
"Ecosystem_Services_Index",8.25,"Perceived importance of ecosystem services"
"Expected_Outcomes_Index",4.076923076923077,"Expected restoration outcomes"
"Public_Support_Index",4,"Public support for restoration"
"Ecosystem_Services_Index",6.875,"Perceived importance of ecosystem services"
"Restoration_Implementation_Index",3.7,"Perceived restoration implementation"
"Expected_Outcomes_Index",3.9375,"Expected restoration outcomes"
"Public_Support_Index",4.166666666666667,"Public support for restoration"
"Ecosystem_Services_Index",9.25,"Perceived importance of ecosystem services"
"Restoration_Implementation_Index",3.7142857142857144,"Perceived restoration implementation"
"Expected_Outcomes_Index",4.1875,"Expected restoration outcomes"
"Public_Support_Index",4,"Public support for restoration"
"Ecosystem_Services_Index",10,"Perceived importance of ecosystem services"
"Expected_Outcomes_Index",4.142857142857143,"Expected restoration outcomes"
"Public_Support_Index",3.8333333333333335,"Public support for restoration"
"Ecosystem_Services_Index",8.5,"Perceived importance of ecosystem services"
"Restoration_Implementation_Index",3.25,"Perceived restoration implementation"
"Expected_Outcomes_Index",4.357142857142857,"Expected restoration outcomes"
"Public_Support_Index",1,"Public support for restoration"
"Ecosystem_Services_Index",5.75,"Perceived importance of ecosystem services"
"Restoration_Implementation_Index",4.428571428571429,"Perceived restoration implementation"
"Expected_Outcomes_Index",3.3125,"Expected restoration outcomes"
"Public_Support_Index",2.1666666666666665,"Public support for restoration"
"Ecosystem_Services_Index",8.375,"Perceived importance of ecosystem services"
"Restoration_Implementation_Index",3.0714285714285716,"Perceived restoration implementation"
"Expected_Outcomes_Index",4.866666666666666,"Expected restoration outcomes"
"Public_Support_Index",3.5,"Public support for restoration"
"Ecosystem_Services_Index",6.875,"Perceived importance of ecosystem services"
"Restoration_Implementation_Index",3.1666666666666665,"Perceived restoration implementation"
"Expected_Outcomes_Index",3.3333333333333335,"Expected restoration outcomes"
"Public_Support_Index",2.6666666666666665,"Public support for restoration"
"Ecosystem_Services_Index",7.5,"Perceived importance of ecosystem services"
"Public_Support_Index",3.3333333333333335,"Public support for restoration"
"Ecosystem_Services_Index",8.125,"Perceived importance of ecosystem services"
"Public_Support_Index",2.8333333333333335,"Public support for restoration"
"Ecosystem_Services_Index",10,"Perceived importance of ecosystem services"
"Restoration_Implementation_Index",4,"Perceived restoration implementation"
"Expected_Outcomes_Index",4,"Expected restoration outcomes"
"Public_Support_Index",3.6666666666666665,"Public support for restoration"
"Ecosystem_Services_Index",10,"Perceived importance of ecosystem services"
"Restoration_Implementation_Index",3.923076923076923,"Perceived restoration implementation"
"Expected_Outcomes_Index",4.0625,"Expected restoration outcomes"
"Public_Support_Index",4.833333333333333,"Public support for restoration"
"Ecosystem_Services_Index",8.625,"Perceived importance of ecosystem services"
"Public_Support_Index",3.3333333333333335,"Public support for restoration"
"Ecosystem_Services_Index",7.875,"Perceived importance of ecosystem services"
"Restoration_Implementation_Index",3.25,"Perceived restoration implementation"
"Expected_Outcomes_Index",4.5,"Expected restoration outcomes"
"Public_Support_Index",3.6666666666666665,"Public support for restoration"
"Ecosystem_Services_Index",9.375,"Perceived importance of ecosystem services"
"Restoration_Implementation_Index",2.769230769230769,"Perceived restoration implementation"
"Expected_Outcomes_Index",4.428571428571429,"Expected restoration outcomes"
"Public_Support_Index",2.3333333333333335,"Public support for restoration"
"Ecosystem_Services_Index",9.75,"Perceived importance of ecosystem services"
"Expected_Outcomes_Index",5,"Expected restoration outcomes"
"Public_Support_Index",4.166666666666667,"Public support for restoration"
"Ecosystem_Services_Index",9,"Perceived importance of ecosystem services"
"Restoration_Implementation_Index",3.5,"Perceived restoration implementation"
"Expected_Outcomes_Index",4.3125,"Expected restoration outcomes"
"Public_Support_Index",3,"Public support for restoration"
"Ecosystem_Services_Index",10,"Perceived importance of ecosystem services"
"Restoration_Implementation_Index",4.538461538461538,"Perceived restoration implementation"
"Expected_Outcomes_Index",4.8125,"Expected restoration outcomes"
"Public_Support_Index",4.333333333333333,"Public support for restoration"
"Ecosystem_Services_Index",7.75,"Perceived importance of ecosystem services"
"Restoration_Implementation_Index",3.857142857142857,"Perceived restoration implementation"
"Expected_Outcomes_Index",4.066666666666666,"Expected restoration outcomes"
"Public_Support_Index",3.8333333333333335,"Public support for restoration"
"Ecosystem_Services_Index",9.625,"Perceived importance of ecosystem services"
"Restoration_Implementation_Index",3.076923076923077,"Perceived restoration implementation"
"Expected_Outcomes_Index",4.6923076923076925,"Expected restoration outcomes"
"Public_Support_Index",4.666666666666667,"Public support for restoration"
"Ecosystem_Services_Index",9.875,"Perceived importance of ecosystem services"
"Restoration_Implementation_Index",3.9285714285714284,"Perceived restoration implementation"
"Expected_Outcomes_Index",4,"Expected restoration outcomes"
"Public_Support_Index",4,"Public support for restoration"
"Ecosystem_Services_Index",9.5,"Perceived importance of ecosystem services"
"Expected_Outcomes_Index",4.538461538461538,"Expected restoration outcomes"
"Public_Support_Index",4.5,"Public support for restoration"
"Ecosystem_Services_Index",9.125,"Perceived importance of ecosystem services"
"Restoration_Implementation_Index",2.857142857142857,"Perceived restoration implementation"
"Expected_Outcomes_Index",3.6875,"Expected restoration outcomes"
"Public_Support_Index",2.8333333333333335,"Public support for restoration"
"Ecosystem_Services_Index",7.75,"Perceived importance of ecosystem services"
"Restoration_Implementation_Index",2.2142857142857144,"Perceived restoration implementation"
"Expected_Outcomes_Index",3.357142857142857,"Expected restoration outcomes"
"Public_Support_Index",2.3333333333333335,"Public support for restoration"
"Ecosystem_Services_Index",10,"Perceived importance of ecosystem services"
"Restoration_Implementation_Index",3.2857142857142856,"Perceived restoration implementation"
"Public_Support_Index",3,"Public support for restoration"
"Ecosystem_Services_Index",8.375,"Perceived importance of ecosystem services"
"Restoration_Implementation_Index",3.7142857142857144,"Perceived restoration implementation"
"Public_Support_Index",3,"Public support for restoration"
"Ecosystem_Services_Index",8.375,"Perceived importance of ecosystem services"
"Restoration_Implementation_Index",2.6666666666666665,"Perceived restoration implementation"
"Expected_Outcomes_Index",3.533333333333333,"Expected restoration outcomes"
"Public_Support_Index",2,"Public support for restoration"
"Ecosystem_Services_Index",7.25,"Perceived importance of ecosystem services"
"Restoration_Implementation_Index",2.75,"Perceived restoration implementation"
"Expected_Outcomes_Index",2.6666666666666665,"Expected restoration outcomes"
"Public_Support_Index",3.1666666666666665,"Public support for restoration"
"Ecosystem_Services_Index",9.375,"Perceived importance of ecosystem services"
"Restoration_Implementation_Index",3.2,"Perceived restoration implementation"
"Expected_Outcomes_Index",4.076923076923077,"Expected restoration outcomes"
"Public_Support_Index",3,"Public support for restoration"
"Ecosystem_Services_Index",5.5,"Perceived importance of ecosystem services"
"Restoration_Implementation_Index",2.9285714285714284,"Perceived restoration implementation"
"Expected_Outcomes_Index",2.1875,"Expected restoration outcomes"
"Public_Support_Index",3.1666666666666665,"Public support for restoration"
"Ecosystem_Services_Index",7.25,"Perceived importance of ecosystem services"
"Restoration_Implementation_Index",3,"Perceived restoration implementation"
"Expected_Outcomes_Index",3.9375,"Expected restoration outcomes"
"Public_Support_Index",3.1666666666666665,"Public support for restoration"
"Ecosystem_Services_Index",10,"Perceived importance of ecosystem services"
"Restoration_Implementation_Index",3.75,"Perceived restoration implementation"
"Expected_Outcomes_Index",4.545454545454546,"Expected restoration outcomes"
"Public_Support_Index",3.8333333333333335,"Public support for restoration"
"Ecosystem_Services_Index",10,"Perceived importance of ecosystem services"
"Public_Support_Index",5,"Public support for restoration"
"Ecosystem_Services_Index",8.125,"Perceived importance of ecosystem services"
"Restoration_Implementation_Index",2.4285714285714284,"Perceived restoration implementation"
"Expected_Outcomes_Index",3.5,"Expected restoration outcomes"
"Public_Support_Index",3,"Public support for restoration"
"Ecosystem_Services_Index",7.75,"Perceived importance of ecosystem services"
"Restoration_Implementation_Index",3.0833333333333335,"Perceived restoration implementation"
"Expected_Outcomes_Index",3.1333333333333333,"Expected restoration outcomes"
"Public_Support_Index",3.1666666666666665,"Public support for restoration"
"Ecosystem_Services_Index",7.75,"Perceived importance of ecosystem services"
"Restoration_Implementation_Index",3.5555555555555554,"Perceived restoration implementation"
"Expected_Outcomes_Index",4.428571428571429,"Expected restoration outcomes"
"Public_Support_Index",3,"Public support for restoration"
"Ecosystem_Services_Index",9.625,"Perceived importance of ecosystem services"
"Restoration_Implementation_Index",3.5,"Perceived restoration implementation"
"Expected_Outcomes_Index",4,"Expected restoration outcomes"
"Public_Support_Index",3.3333333333333335,"Public support for restoration"
"Ecosystem_Services_Index",7.5,"Perceived importance of ecosystem services"
"Restoration_Implementation_Index",3.75,"Perceived restoration implementation"
"Expected_Outcomes_Index",3.8181818181818183,"Expected restoration outcomes"
"Public_Support_Index",3.1666666666666665,"Public support for restoration"
"Ecosystem_Services_Index",10,"Perceived importance of ecosystem services"
"Public_Support_Index",3.6666666666666665,"Public support for restoration"
"Ecosystem_Services_Index",5.25,"Perceived importance of ecosystem services"
"Restoration_Implementation_Index",3.2857142857142856,"Perceived restoration implementation"
"Expected_Outcomes_Index",3.4375,"Expected restoration outcomes"
"Public_Support_Index",2.8333333333333335,"Public support for restoration"
"Ecosystem_Services_Index",5,"Perceived importance of ecosystem services"
"Public_Support_Index",1,"Public support for restoration"
"Ecosystem_Services_Index",9,"Perceived importance of ecosystem services"
"Public_Support_Index",3.1666666666666665,"Public support for restoration"
"Ecosystem_Services_Index",7.125,"Perceived importance of ecosystem services"
"Restoration_Implementation_Index",2.4444444444444446,"Perceived restoration implementation"
"Expected_Outcomes_Index",3.857142857142857,"Expected restoration outcomes"
"Public_Support_Index",2.5,"Public support for restoration"
"Ecosystem_Services_Index",9.375,"Perceived importance of ecosystem services"
"Restoration_Implementation_Index",3.0714285714285716,"Perceived restoration implementation"
"Expected_Outcomes_Index",3.625,"Expected restoration outcomes"
"Public_Support_Index",3.6666666666666665,"Public support for restoration"
"Ecosystem_Services_Index",8.625,"Perceived importance of ecosystem services"
"Restoration_Implementation_Index",2.6923076923076925,"Perceived restoration implementation"
"Public_Support_Index",2.8333333333333335,"Public support for restoration"
"Ecosystem_Services_Index",9,"Perceived importance of ecosystem services"
"Expected_Outcomes_Index",3.6363636363636362,"Expected restoration outcomes"
"Public_Support_Index",1.3333333333333333,"Public support for restoration"
"Ecosystem_Services_Index",7.5,"Perceived importance of ecosystem services"
"Restoration_Implementation_Index",2.9166666666666665,"Perceived restoration implementation"
"Expected_Outcomes_Index",2.9,"Expected restoration outcomes"
"Public_Support_Index",3.6666666666666665,"Public support for restoration"
"Ecosystem_Services_Index",8.625,"Perceived importance of ecosystem services"
"Restoration_Implementation_Index",2.642857142857143,"Perceived restoration implementation"
"Expected_Outcomes_Index",4.3125,"Expected restoration outcomes"
"Public_Support_Index",3.6666666666666665,"Public support for restoration"
"Ecosystem_Services_Index",8.375,"Perceived importance of ecosystem services"
"Restoration_Implementation_Index",3.357142857142857,"Perceived restoration implementation"
"Expected_Outcomes_Index",4.0625,"Expected restoration outcomes"
"Public_Support_Index",4.333333333333333,"Public support for restoration"
"Ecosystem_Services_Index",8.875,"Perceived importance of ecosystem services"
"Public_Support_Index",3.5,"Public support for restoration"
"Ecosystem_Services_Index",8.125,"Perceived importance of ecosystem services"
"Restoration_Implementation_Index",4.333333333333333,"Perceived restoration implementation"
"Expected_Outcomes_Index",4.818181818181818,"Expected restoration outcomes"
"Public_Support_Index",3.6666666666666665,"Public support for restoration"
"Ecosystem_Services_Index",9.875,"Perceived importance of ecosystem services"
"Restoration_Implementation_Index",4,"Perceived restoration implementation"
"Expected_Outcomes_Index",4.75,"Expected restoration outcomes"
"Public_Support_Index",3.8333333333333335,"Public support for restoration"
"Ecosystem_Services_Index",8.25,"Perceived importance of ecosystem services"
"Restoration_Implementation_Index",3,"Perceived restoration implementation"
"Expected_Outcomes_Index",2.857142857142857,"Expected restoration outcomes"
"Public_Support_Index",3.5,"Public support for restoration"
"Ecosystem_Services_Index",6,"Perceived importance of ecosystem services"
"Restoration_Implementation_Index",3.642857142857143,"Perceived restoration implementation"
"Expected_Outcomes_Index",4.375,"Expected restoration outcomes"
"Public_Support_Index",3.1666666666666665,"Public support for restoration"
"Ecosystem_Services_Index",6.75,"Perceived importance of ecosystem services"
"Restoration_Implementation_Index",3.9285714285714284,"Perceived restoration implementation"
"Expected_Outcomes_Index",3.625,"Expected restoration outcomes"
"Public_Support_Index",3.1666666666666665,"Public support for restoration"
"Ecosystem_Services_Index",8.75,"Perceived importance of ecosystem services"
"Public_Support_Index",2.5,"Public support for restoration"
"Ecosystem_Services_Index",8.625,"Perceived importance of ecosystem services"
"Restoration_Implementation_Index",2.7142857142857144,"Perceived restoration implementation"
"Expected_Outcomes_Index",4.25,"Expected restoration outcomes"
"Public_Support_Index",3.8333333333333335,"Public support for restoration"
"Ecosystem_Services_Index",6,"Perceived importance of ecosystem services"
"Restoration_Implementation_Index",3.7142857142857144,"Perceived restoration implementation"
"Expected_Outcomes_Index",3.5,"Expected restoration outcomes"
"Public_Support_Index",2.5,"Public support for restoration"
"Ecosystem_Services_Index",9.375,"Perceived importance of ecosystem services"
"Restoration_Implementation_Index",4.25,"Perceived restoration implementation"
"Expected_Outcomes_Index",4.625,"Expected restoration outcomes"
"Public_Support_Index",3.1666666666666665,"Public support for restoration"
"Ecosystem_Services_Index",7.375,"Perceived importance of ecosystem services"
"Restoration_Implementation_Index",2.857142857142857,"Perceived restoration implementation"
"Expected_Outcomes_Index",3.5625,"Expected restoration outcomes"
"Public_Support_Index",4,"Public support for restoration"
"Ecosystem_Services_Index",10,"Perceived importance of ecosystem services"
"Public_Support_Index",3.3333333333333335,"Public support for restoration"
"Ecosystem_Services_Index",8.875,"Perceived importance of ecosystem services"
"Restoration_Implementation_Index",3.3076923076923075,"Perceived restoration implementation"
"Expected_Outcomes_Index",4.533333333333333,"Expected restoration outcomes"
"Public_Support_Index",3,"Public support for restoration"
"Ecosystem_Services_Index",9.125,"Perceived importance of ecosystem services"
"Restoration_Implementation_Index",3.8,"Perceived restoration implementation"
"Expected_Outcomes_Index",4.769230769230769,"Expected restoration outcomes"
"Public_Support_Index",4,"Public support for restoration"
"Ecosystem_Services_Index",5.75,"Perceived importance of ecosystem services"
"Expected_Outcomes_Index",4.142857142857143,"Expected restoration outcomes"
"Public_Support_Index",2.3333333333333335,"Public support for restoration"
"Ecosystem_Services_Index",8.625,"Perceived importance of ecosystem services"
"Restoration_Implementation_Index",2.9,"Perceived restoration implementation"
"Expected_Outcomes_Index",4,"Expected restoration outcomes"
"Public_Support_Index",3,"Public support for restoration"
"Ecosystem_Services_Index",9,"Perceived importance of ecosystem services"
"Public_Support_Index",2.8333333333333335,"Public support for restoration"
"Ecosystem_Services_Index",9.375,"Perceived importance of ecosystem services"
"Restoration_Implementation_Index",3.2857142857142856,"Perceived restoration implementation"
"Expected_Outcomes_Index",3.1333333333333333,"Expected restoration outcomes"
"Public_Support_Index",3.3333333333333335,"Public support for restoration"
"Ecosystem_Services_Index",7.125,"Perceived importance of ecosystem services"
"Restoration_Implementation_Index",3.7857142857142856,"Perceived restoration implementation"
"Expected_Outcomes_Index",4.5,"Expected restoration outcomes"
"Public_Support_Index",4,"Public support for restoration"
"Ecosystem_Services_Index",9,"Perceived importance of ecosystem services"
"Public_Support_Index",3.6666666666666665,"Public support for restoration"
"Ecosystem_Services_Index",8.375,"Perceived importance of ecosystem services"
"Restoration_Implementation_Index",4,"Perceived restoration implementation"
"Expected_Outcomes_Index",4.153846153846154,"Expected restoration outcomes"
"Public_Support_Index",3.8333333333333335,"Public support for restoration"
"Ecosystem_Services_Index",8,"Perceived importance of ecosystem services"
"Restoration_Implementation_Index",3.4285714285714284,"Perceived restoration implementation"
"Expected_Outcomes_Index",3.4375,"Expected restoration outcomes"
"Public_Support_Index",4,"Public support for restoration"
"Ecosystem_Services_Index",5.25,"Perceived importance of ecosystem services"
"Restoration_Implementation_Index",2.7142857142857144,"Perceived restoration implementation"
"Expected_Outcomes_Index",4.4,"Expected restoration outcomes"
"Public_Support_Index",3.1666666666666665,"Public support for restoration"
"Ecosystem_Services_Index",5.375,"Perceived importance of ecosystem services"
"Restoration_Implementation_Index",4.642857142857143,"Perceived restoration implementation"
"Expected_Outcomes_Index",4.25,"Expected restoration outcomes"
"Public_Support_Index",4,"Public support for restoration"
"Ecosystem_Services_Index",10,"Perceived importance of ecosystem services"
"Restoration_Implementation_Index",4.538461538461538,"Perceived restoration implementation"
"Expected_Outcomes_Index",4.3125,"Expected restoration outcomes"
"Public_Support_Index",5,"Public support for restoration"
"Ecosystem_Services_Index",7.5,"Perceived importance of ecosystem services"
"Restoration_Implementation_Index",3.4,"Perceived restoration implementation"
"Expected_Outcomes_Index",4.5,"Expected restoration outcomes"
"Public_Support_Index",3.6666666666666665,"Public support for restoration"
"Ecosystem_Services_Index",9.125,"Perceived importance of ecosystem services"
"Restoration_Implementation_Index",4.083333333333333,"Perceived restoration implementation"
"Expected_Outcomes_Index",4.4375,"Expected restoration outcomes"
"Public_Support_Index",3.1666666666666665,"Public support for restoration"
"Ecosystem_Services_Index",7.5,"Perceived importance of ecosystem services"
"Restoration_Implementation_Index",2.9285714285714284,"Perceived restoration implementation"
"Expected_Outcomes_Index",3.75,"Expected restoration outcomes"
"Public_Support_Index",3.8333333333333335,"Public support for restoration"
"Ecosystem_Services_Index",8.375,"Perceived importance of ecosystem services"
"Restoration_Implementation_Index",3.4615384615384617,"Perceived restoration implementation"
"Expected_Outcomes_Index",4.090909090909091,"Expected restoration outcomes"
"Public_Support_Index",3.6666666666666665,"Public support for restoration"
"Ecosystem_Services_Index",8.125,"Perceived importance of ecosystem services"
"Restoration_Implementation_Index",3.7142857142857144,"Perceived restoration implementation"
"Expected_Outcomes_Index",3.7777777777777777,"Expected restoration outcomes"
"Public_Support_Index",2.8333333333333335,"Public support for restoration"
"Ecosystem_Services_Index",6.75,"Perceived importance of ecosystem services"
"Restoration_Implementation_Index",1,"Perceived restoration implementation"
"Expected_Outcomes_Index",2.875,"Expected restoration outcomes"
"Public_Support_Index",1.5,"Public support for restoration"
"Ecosystem_Services_Index",8.125,"Perceived importance of ecosystem services"
"Restoration_Implementation_Index",3.2857142857142856,"Perceived restoration implementation"
"Expected_Outcomes_Index",4.6875,"Expected restoration outcomes"
"Public_Support_Index",2.6666666666666665,"Public support for restoration"
"Ecosystem_Services_Index",9.625,"Perceived importance of ecosystem services"
"Expected_Outcomes_Index",3.75,"Expected restoration outcomes"
"Public_Support_Index",2.8333333333333335,"Public support for restoration"
"Ecosystem_Services_Index",9,"Perceived importance of ecosystem services"
"Restoration_Implementation_Index",3.5,"Perceived restoration implementation"
"Expected_Outcomes_Index",3,"Expected restoration outcomes"
"Public_Support_Index",3,"Public support for restoration"
"Ecosystem_Services_Index",9.5,"Perceived importance of ecosystem services"
"Restoration_Implementation_Index",3.0714285714285716,"Perceived restoration implementation"
"Expected_Outcomes_Index",4.333333333333333,"Expected restoration outcomes"
"Public_Support_Index",4.333333333333333,"Public support for restoration"
"Ecosystem_Services_Index",7.5,"Perceived importance of ecosystem services"
"Restoration_Implementation_Index",3.875,"Perceived restoration implementation"
"Expected_Outcomes_Index",4.285714285714286,"Expected restoration outcomes"
"Public_Support_Index",3.1666666666666665,"Public support for restoration"
"Ecosystem_Services_Index",9.75,"Perceived importance of ecosystem services"
"Restoration_Implementation_Index",3,"Perceived restoration implementation"
"Public_Support_Index",1,"Public support for restoration"
"Ecosystem_Services_Index",7.75,"Perceived importance of ecosystem services"
"Restoration_Implementation_Index",3.357142857142857,"Perceived restoration implementation"
"Expected_Outcomes_Index",3.375,"Expected restoration outcomes"
"Public_Support_Index",2.8333333333333335,"Public support for restoration"
"Ecosystem_Services_Index",8.875,"Perceived importance of ecosystem services"
"Restoration_Implementation_Index",4.071428571428571,"Perceived restoration implementation"
"Expected_Outcomes_Index",4.9375,"Expected restoration outcomes"
"Public_Support_Index",4,"Public support for restoration"
"Ecosystem_Services_Index",9.125,"Perceived importance of ecosystem services"
"Restoration_Implementation_Index",4.777777777777778,"Perceived restoration implementation"
"Expected_Outcomes_Index",4.923076923076923,"Expected restoration outcomes"
"Public_Support_Index",4.333333333333333,"Public support for restoration"
"Ecosystem_Services_Index",10,"Perceived importance of ecosystem services"
"Expected_Outcomes_Index",3,"Expected restoration outcomes"
"Public_Support_Index",1.8333333333333333,"Public support for restoration"
"Ecosystem_Services_Index",6.25,"Perceived importance of ecosystem services"
"Expected_Outcomes_Index",4,"Expected restoration outcomes"
"Public_Support_Index",4.166666666666667,"Public support for restoration"
"Ecosystem_Services_Index",5.75,"Perceived importance of ecosystem services"
"Restoration_Implementation_Index",4.357142857142857,"Perceived restoration implementation"
"Expected_Outcomes_Index",3.75,"Expected restoration outcomes"
"Public_Support_Index",3.6666666666666665,"Public support for restoration"
"Ecosystem_Services_Index",7.125,"Perceived importance of ecosystem services"
"Restoration_Implementation_Index",2.6,"Perceived restoration implementation"
"Public_Support_Index",3.5,"Public support for restoration"
"Ecosystem_Services_Index",7.5,"Perceived importance of ecosystem services"
"Restoration_Implementation_Index",3.4285714285714284,"Perceived restoration implementation"
"Expected_Outcomes_Index",4.083333333333333,"Expected restoration outcomes"
"Public_Support_Index",3,"Public support for restoration"
"Ecosystem_Services_Index",8.25,"Perceived importance of ecosystem services"
"Restoration_Implementation_Index",3.9285714285714284,"Perceived restoration implementation"
"Expected_Outcomes_Index",5,"Expected restoration outcomes"
"Public_Support_Index",3.5,"Public support for restoration"
"Ecosystem_Services_Index",10,"Perceived importance of ecosystem services"
"Restoration_Implementation_Index",3.1538461538461537,"Perceived restoration implementation"
"Expected_Outcomes_Index",2.923076923076923,"Expected restoration outcomes"
"Public_Support_Index",3.3333333333333335,"Public support for restoration"
"Ecosystem_Services_Index",7.875,"Perceived importance of ecosystem services"
"Restoration_Implementation_Index",3.642857142857143,"Perceived restoration implementation"
"Expected_Outcomes_Index",5,"Expected restoration outcomes"
"Public_Support_Index",2.6666666666666665,"Public support for restoration"
"Ecosystem_Services_Index",8.25,"Perceived importance of ecosystem services"
"Restoration_Implementation_Index",3.5454545454545454,"Perceived restoration implementation"
"Expected_Outcomes_Index",4.7,"Expected restoration outcomes"
"Public_Support_Index",3.3333333333333335,"Public support for restoration"
"Ecosystem_Services_Index",6.875,"Perceived importance of ecosystem services"
"Restoration_Implementation_Index",3.0714285714285716,"Perceived restoration implementation"
"Expected_Outcomes_Index",2.875,"Expected restoration outcomes"
"Public_Support_Index",2.8333333333333335,"Public support for restoration"
"Ecosystem_Services_Index",6.125,"Perceived importance of ecosystem services"
"Restoration_Implementation_Index",3,"Perceived restoration implementation"
"Expected_Outcomes_Index",2.8666666666666667,"Expected restoration outcomes"
"Public_Support_Index",2.6666666666666665,"Public support for restoration"
"Ecosystem_Services_Index",8.875,"Perceived importance of ecosystem services"
"Restoration_Implementation_Index",4.2,"Perceived restoration implementation"
"Expected_Outcomes_Index",4.75,"Expected restoration outcomes"
"Public_Support_Index",5,"Public support for restoration"
"Ecosystem_Services_Index",8.75,"Perceived importance of ecosystem services"
"Restoration_Implementation_Index",2.9285714285714284,"Perceived restoration implementation"
"Expected_Outcomes_Index",3.3076923076923075,"Expected restoration outcomes"
"Public_Support_Index",2.3333333333333335,"Public support for restoration"
"Ecosystem_Services_Index",8.875,"Perceived importance of ecosystem services"
"Expected_Outcomes_Index",3.5833333333333335,"Expected restoration outcomes"
"Public_Support_Index",2.1666666666666665,"Public support for restoration"
"Ecosystem_Services_Index",6.625,"Perceived importance of ecosystem services"
"Restoration_Implementation_Index",3.0714285714285716,"Perceived restoration implementation"
"Expected_Outcomes_Index",3.9375,"Expected restoration outcomes"
"Public_Support_Index",3,"Public support for restoration"
"Ecosystem_Services_Index",7.375,"Perceived importance of ecosystem services"
"Restoration_Implementation_Index",3.272727272727273,"Perceived restoration implementation"
"Expected_Outcomes_Index",3.7142857142857144,"Expected restoration outcomes"
"Public_Support_Index",4,"Public support for restoration"
"Ecosystem_Services_Index",10,"Perceived importance of ecosystem services"
"Restoration_Implementation_Index",2.5,"Perceived restoration implementation"
"Expected_Outcomes_Index",2.8125,"Expected restoration outcomes"
"Public_Support_Index",3,"Public support for restoration"
"Ecosystem_Services_Index",9,"Perceived importance of ecosystem services"
"Restoration_Implementation_Index",3.3333333333333335,"Perceived restoration implementation"
"Expected_Outcomes_Index",3.8125,"Expected restoration outcomes"
"Public_Support_Index",3,"Public support for restoration"
"Ecosystem_Services_Index",8.5,"Perceived importance of ecosystem services"
"Restoration_Implementation_Index",4.928571428571429,"Perceived restoration implementation"
"Expected_Outcomes_Index",4.6923076923076925,"Expected restoration outcomes"
"Public_Support_Index",4.833333333333333,"Public support for restoration"
"Ecosystem_Services_Index",9.625,"Perceived importance of ecosystem services"
"Public_Support_Index",1.8333333333333333,"Public support for restoration"
"Ecosystem_Services_Index",9.25,"Perceived importance of ecosystem services"
"Restoration_Implementation_Index",3.75,"Perceived restoration implementation"
"Expected_Outcomes_Index",4.642857142857143,"Expected restoration outcomes"
"Public_Support_Index",3.5,"Public support for restoration"
"Ecosystem_Services_Index",9.5,"Perceived importance of ecosystem services"
"Restoration_Implementation_Index",3.5833333333333335,"Perceived restoration implementation"
"Expected_Outcomes_Index",3.5625,"Expected restoration outcomes"
"Public_Support_Index",3.3333333333333335,"Public support for restoration"
"Ecosystem_Services_Index",9.5,"Perceived importance of ecosystem services"
"Restoration_Implementation_Index",2.9,"Perceived restoration implementation"
"Expected_Outcomes_Index",3.9375,"Expected restoration outcomes"
"Public_Support_Index",3.8333333333333335,"Public support for restoration"
"Ecosystem_Services_Index",9.375,"Perceived importance of ecosystem services"
"Public_Support_Index",3.5,"Public support for restoration"
"Ecosystem_Services_Index",10,"Perceived importance of ecosystem services"
"Restoration_Implementation_Index",4.214285714285714,"Perceived restoration implementation"
"Expected_Outcomes_Index",4.333333333333333,"Expected restoration outcomes"
"Public_Support_Index",3.5,"Public support for restoration"
"Ecosystem_Services_Index",8.625,"Perceived importance of ecosystem services"
"Restoration_Implementation_Index",3.272727272727273,"Perceived restoration implementation"
"Expected_Outcomes_Index",2.3333333333333335,"Expected restoration outcomes"
"Public_Support_Index",2.8333333333333335,"Public support for restoration"
"Ecosystem_Services_Index",5.375,"Perceived importance of ecosystem services"
"Restoration_Implementation_Index",2.5714285714285716,"Perceived restoration implementation"
"Expected_Outcomes_Index",3.875,"Expected restoration outcomes"
"Public_Support_Index",3.8333333333333335,"Public support for restoration"
"Ecosystem_Services_Index",7,"Perceived importance of ecosystem services"
"Public_Support_Index",2.3333333333333335,"Public support for restoration"
"Ecosystem_Services_Index",9.5,"Perceived importance of ecosystem services"
"Public_Support_Index",3.3333333333333335,"Public support for restoration"
"Ecosystem_Services_Index",9.875,"Perceived importance of ecosystem services"
"Expected_Outcomes_Index",2.0625,"Expected restoration outcomes"
"Public_Support_Index",3.3333333333333335,"Public support for restoration"
"Ecosystem_Services_Index",8.375,"Perceived importance of ecosystem services"
"Restoration_Implementation_Index",3.1538461538461537,"Perceived restoration implementation"
"Expected_Outcomes_Index",3.0714285714285716,"Expected restoration outcomes"
"Public_Support_Index",2.6666666666666665,"Public support for restoration"
"Ecosystem_Services_Index",8.875,"Perceived importance of ecosystem services"
"Restoration_Implementation_Index",3.5384615384615383,"Perceived restoration implementation"
"Expected_Outcomes_Index",3.8333333333333335,"Expected restoration outcomes"
"Public_Support_Index",2.6666666666666665,"Public support for restoration"
"Ecosystem_Services_Index",7.25,"Perceived importance of ecosystem services"
"Restoration_Implementation_Index",2.857142857142857,"Perceived restoration implementation"
"Expected_Outcomes_Index",3.8181818181818183,"Expected restoration outcomes"
"Public_Support_Index",3.3333333333333335,"Public support for restoration"
"Ecosystem_Services_Index",9.25,"Perceived importance of ecosystem services"
"Restoration_Implementation_Index",3.1666666666666665,"Perceived restoration implementation"
"Expected_Outcomes_Index",4.25,"Expected restoration outcomes"
"Public_Support_Index",2.8333333333333335,"Public support for restoration"
"Ecosystem_Services_Index",5,"Perceived importance of ecosystem services"
"Restoration_Implementation_Index",2.9285714285714284,"Perceived restoration implementation"
"Expected_Outcomes_Index",3.375,"Expected restoration outcomes"
"Public_Support_Index",3,"Public support for restoration"
"Ecosystem_Services_Index",10,"Perceived importance of ecosystem services"
"Restoration_Implementation_Index",4.428571428571429,"Perceived restoration implementation"
"Expected_Outcomes_Index",4.5625,"Expected restoration outcomes"
"Public_Support_Index",3.5,"Public support for restoration"
"Ecosystem_Services_Index",9.5,"Perceived importance of ecosystem services"
"Restoration_Implementation_Index",3.5714285714285716,"Perceived restoration implementation"
"Public_Support_Index",1.5,"Public support for restoration"
"Ecosystem_Services_Index",8.25,"Perceived importance of ecosystem services"
"Restoration_Implementation_Index",2.5,"Perceived restoration implementation"
"Expected_Outcomes_Index",3.5625,"Expected restoration outcomes"
"Public_Support_Index",3.6666666666666665,"Public support for restoration"
"Ecosystem_Services_Index",8.875,"Perceived importance of ecosystem services"
"Expected_Outcomes_Index",4.153846153846154,"Expected restoration outcomes"
"Public_Support_Index",3.6666666666666665,"Public support for restoration"
"Ecosystem_Services_Index",8.875,"Perceived importance of ecosystem services"
"Restoration_Implementation_Index",3.6666666666666665,"Perceived restoration implementation"
"Expected_Outcomes_Index",3.3125,"Expected restoration outcomes"
"Public_Support_Index",2.3333333333333335,"Public support for restoration"
"Ecosystem_Services_Index",7.375,"Perceived importance of ecosystem services"
"Restoration_Implementation_Index",2.2142857142857144,"Perceived restoration implementation"
"Expected_Outcomes_Index",3.3125,"Expected restoration outcomes"
"Public_Support_Index",3.1666666666666665,"Public support for restoration"
"Ecosystem_Services_Index",9.375,"Perceived importance of ecosystem services"
"Restoration_Implementation_Index",3.909090909090909,"Perceived restoration implementation"
"Public_Support_Index",2.8333333333333335,"Public support for restoration"
"Ecosystem_Services_Index",8.75,"Perceived importance of ecosystem services"
"Restoration_Implementation_Index",4.714285714285714,"Perceived restoration implementation"
"Expected_Outcomes_Index",4.5,"Expected restoration outcomes"
"Public_Support_Index",3.8333333333333335,"Public support for restoration"
"Ecosystem_Services_Index",8.625,"Perceived importance of ecosystem services"
"Restoration_Implementation_Index",2.3636363636363638,"Perceived restoration implementation"
"Expected_Outcomes_Index",3.5,"Expected restoration outcomes"
"Public_Support_Index",3.5,"Public support for restoration"
"Ecosystem_Services_Index",9.625,"Perceived importance of ecosystem services"
"Restoration_Implementation_Index",3.2142857142857144,"Perceived restoration implementation"
"Expected_Outcomes_Index",3.5,"Expected restoration outcomes"
"Public_Support_Index",3.8333333333333335,"Public support for restoration"
"Ecosystem_Services_Index",9.875,"Perceived importance of ecosystem services"
"Restoration_Implementation_Index",3.6923076923076925,"Perceived restoration implementation"
"Expected_Outcomes_Index",4.375,"Expected restoration outcomes"
"Public_Support_Index",3.6666666666666665,"Public support for restoration"
"Ecosystem_Services_Index",9.875,"Perceived importance of ecosystem services"
"Expected_Outcomes_Index",3.9375,"Expected restoration outcomes"
"Public_Support_Index",3.1666666666666665,"Public support for restoration"
"Ecosystem_Services_Index",10,"Perceived importance of ecosystem services"
"Restoration_Implementation_Index",5,"Perceived restoration implementation"
"Public_Support_Index",4,"Public support for restoration"
"Ecosystem_Services_Index",9.75,"Perceived importance of ecosystem services"
"Restoration_Implementation_Index",4.4,"Perceived restoration implementation"
"Expected_Outcomes_Index",3.7857142857142856,"Expected restoration outcomes"
"Public_Support_Index",2.5,"Public support for restoration"
"Ecosystem_Services_Index",9.375,"Perceived importance of ecosystem services"
"Restoration_Implementation_Index",2.375,"Perceived restoration implementation"
"Ecosystem_Services_Index",9.375,"Perceived importance of ecosystem services"
"Restoration_Implementation_Index",3.5714285714285716,"Perceived restoration implementation"
"Expected_Outcomes_Index",3.6875,"Expected restoration outcomes"
"Public_Support_Index",1.8333333333333333,"Public support for restoration"
"Ecosystem_Services_Index",5,"Perceived importance of ecosystem services"
"Restoration_Implementation_Index",3.142857142857143,"Perceived restoration implementation"
"Expected_Outcomes_Index",2.8461538461538463,"Expected restoration outcomes"
"Public_Support_Index",3,"Public support for restoration"
"Ecosystem_Services_Index",5,"Perceived importance of ecosystem services"
"Public_Support_Index",3,"Public support for restoration"
"Ecosystem_Services_Index",8.25,"Perceived importance of ecosystem services"
"Restoration_Implementation_Index",4.333333333333333,"Perceived restoration implementation"
"Expected_Outcomes_Index",4.363636363636363,"Expected restoration outcomes"
"Public_Support_Index",3.6666666666666665,"Public support for restoration"
"Ecosystem_Services_Index",10,"Perceived importance of ecosystem services"
"Ecosystem_Services_Index",7.875,"Perceived importance of ecosystem services"
"Restoration_Implementation_Index",3.1538461538461537,"Perceived restoration implementation"
"Expected_Outcomes_Index",3.923076923076923,"Expected restoration outcomes"
"Public_Support_Index",2.6666666666666665,"Public support for restoration"
"Ecosystem_Services_Index",9.625,"Perceived importance of ecosystem services"
"Restoration_Implementation_Index",3.3076923076923075,"Perceived restoration implementation"
"Expected_Outcomes_Index",4.625,"Expected restoration outcomes"
"Public_Support_Index",4.5,"Public support for restoration"
"Ecosystem_Services_Index",8.625,"Perceived importance of ecosystem services"
"Restoration_Implementation_Index",4.125,"Perceived restoration implementation"
"Expected_Outcomes_Index",5,"Expected restoration outcomes"
"Public_Support_Index",3,"Public support for restoration"
"Ecosystem_Services_Index",9.125,"Perceived importance of ecosystem services"
"Restoration_Implementation_Index",3.4615384615384617,"Perceived restoration implementation"
"Expected_Outcomes_Index",4.25,"Expected restoration outcomes"
"Public_Support_Index",4.166666666666667,"Public support for restoration"
"Ecosystem_Services_Index",8.5,"Perceived importance of ecosystem services"
"Expected_Outcomes_Index",4.125,"Expected restoration outcomes"
"Public_Support_Index",3,"Public support for restoration"
"Ecosystem_Services_Index",9.75,"Perceived importance of ecosystem services"
"Restoration_Implementation_Index",2.625,"Perceived restoration implementation"
"Expected_Outcomes_Index",3.125,"Expected restoration outcomes"
"Public_Support_Index",2.8333333333333335,"Public support for restoration"
"Ecosystem_Services_Index",8.5,"Perceived importance of ecosystem services"
"Expected_Outcomes_Index",5,"Expected restoration outcomes"
"Public_Support_Index",4.166666666666667,"Public support for restoration"
"Ecosystem_Services_Index",6.875,"Perceived importance of ecosystem services"
"Restoration_Implementation_Index",3.4444444444444446,"Perceived restoration implementation"
"Expected_Outcomes_Index",3.25,"Expected restoration outcomes"
"Public_Support_Index",4,"Public support for restoration"
"Ecosystem_Services_Index",5.625,"Perceived importance of ecosystem services"
"Public_Support_Index",3,"Public support for restoration"
"Ecosystem_Services_Index",5.5,"Perceived importance of ecosystem services"
"Restoration_Implementation_Index",3.9285714285714284,"Perceived restoration implementation"
"Expected_Outcomes_Index",3.4375,"Expected restoration outcomes"
"Public_Support_Index",3.6666666666666665,"Public support for restoration"
"Ecosystem_Services_Index",7.5,"Perceived importance of ecosystem services"
"Restoration_Implementation_Index",3.2222222222222223,"Perceived restoration implementation"
"Expected_Outcomes_Index",3.0833333333333335,"Expected restoration outcomes"
"Public_Support_Index",3.6666666666666665,"Public support for restoration"
"Ecosystem_Services_Index",7.375,"Perceived importance of ecosystem services"
"Public_Support_Index",3.5,"Public support for restoration"
"Ecosystem_Services_Index",9.25,"Perceived importance of ecosystem services"
"Restoration_Implementation_Index",2.5,"Perceived restoration implementation"
"Public_Support_Index",4,"Public support for restoration"
"Ecosystem_Services_Index",8.5,"Perceived importance of ecosystem services"
"Restoration_Implementation_Index",3.9285714285714284,"Perceived restoration implementation"
"Expected_Outcomes_Index",3.375,"Expected restoration outcomes"
"Public_Support_Index",3.1666666666666665,"Public support for restoration"
"Ecosystem_Services_Index",5,"Perceived importance of ecosystem services"
"Public_Support_Index",3,"Public support for restoration"
"Ecosystem_Services_Index",8.5,"Perceived importance of ecosystem services"
"Restoration_Implementation_Index",2.7857142857142856,"Perceived restoration implementation"
"Expected_Outcomes_Index",4.083333333333333,"Expected restoration outcomes"
"Public_Support_Index",1.5,"Public support for restoration"
"Ecosystem_Services_Index",8.875,"Perceived importance of ecosystem services"
"Expected_Outcomes_Index",4,"Expected restoration outcomes"
"Public_Support_Index",2.8333333333333335,"Public support for restoration"
"Ecosystem_Services_Index",9.875,"Perceived importance of ecosystem services"
"Restoration_Implementation_Index",2.5,"Perceived restoration implementation"
"Expected_Outcomes_Index",1.9333333333333333,"Expected restoration outcomes"
"Public_Support_Index",4.166666666666667,"Public support for restoration"
"Ecosystem_Services_Index",8.5,"Perceived importance of ecosystem services"
"Expected_Outcomes_Index",3.5,"Expected restoration outcomes"
"Public_Support_Index",3.3333333333333335,"Public support for restoration"
"Ecosystem_Services_Index",8.75,"Perceived importance of ecosystem services"
"Public_Support_Index",3,"Public support for restoration"
"Ecosystem_Services_Index",8.625,"Perceived importance of ecosystem services"
"Restoration_Implementation_Index",2.5714285714285716,"Perceived restoration implementation"
"Expected_Outcomes_Index",4.1875,"Expected restoration outcomes"
"Public_Support_Index",4.333333333333333,"Public support for restoration"
"Ecosystem_Services_Index",9.5,"Perceived importance of ecosystem services"
"Restoration_Implementation_Index",3.909090909090909,"Perceived restoration implementation"
"Public_Support_Index",2.8333333333333335,"Public support for restoration"
"Ecosystem_Services_Index",9.75,"Perceived importance of ecosystem services"
"Restoration_Implementation_Index",3.125,"Perceived restoration implementation"
"Expected_Outcomes_Index",4.166666666666667,"Expected restoration outcomes"
"Public_Support_Index",3.6666666666666665,"Public support for restoration"
"Ecosystem_Services_Index",8.25,"Perceived importance of ecosystem services"
"Restoration_Implementation_Index",2.7142857142857144,"Perceived restoration implementation"
"Public_Support_Index",3.1666666666666665,"Public support for restoration"
"Ecosystem_Services_Index",7.5,"Perceived importance of ecosystem services"
"Restoration_Implementation_Index",2.090909090909091,"Perceived restoration implementation"
"Expected_Outcomes_Index",3.4166666666666665,"Expected restoration outcomes"
"Public_Support_Index",3.5,"Public support for restoration"
"Ecosystem_Services_Index",9.625,"Perceived importance of ecosystem services"
"Restoration_Implementation_Index",3.5,"Perceived restoration implementation"
"Expected_Outcomes_Index",3.7857142857142856,"Expected restoration outcomes"
"Public_Support_Index",2.8333333333333335,"Public support for restoration"
"Ecosystem_Services_Index",5.625,"Perceived importance of ecosystem services"
"Restoration_Implementation_Index",2.1538461538461537,"Perceived restoration implementation"
"Expected_Outcomes_Index",3.6153846153846154,"Expected restoration outcomes"
"Public_Support_Index",2.8333333333333335,"Public support for restoration"
"Ecosystem_Services_Index",9.25,"Perceived importance of ecosystem services"
"Restoration_Implementation_Index",3.0833333333333335,"Perceived restoration implementation"
"Expected_Outcomes_Index",4.846153846153846,"Expected restoration outcomes"
"Public_Support_Index",4.166666666666667,"Public support for restoration"
"Ecosystem_Services_Index",7.875,"Perceived importance of ecosystem services"
"Restoration_Implementation_Index",3.0714285714285716,"Perceived restoration implementation"
"Expected_Outcomes_Index",3.375,"Expected restoration outcomes"
"Public_Support_Index",1.5,"Public support for restoration"
"Ecosystem_Services_Index",9.25,"Perceived importance of ecosystem services"
"Restoration_Implementation_Index",3.5,"Perceived restoration implementation"
"Expected_Outcomes_Index",4.25,"Expected restoration outcomes"
"Public_Support_Index",3.8333333333333335,"Public support for restoration"
"Ecosystem_Services_Index",8.75,"Perceived importance of ecosystem services"
"Restoration_Implementation_Index",3.5454545454545454,"Perceived restoration implementation"
"Expected_Outcomes_Index",4.230769230769231,"Expected restoration outcomes"
"Public_Support_Index",4,"Public support for restoration"
"Ecosystem_Services_Index",4.375,"Perceived importance of ecosystem services"
"Restoration_Implementation_Index",3,"Perceived restoration implementation"
"Expected_Outcomes_Index",3.75,"Expected restoration outcomes"
"Public_Support_Index",3,"Public support for restoration"
"Ecosystem_Services_Index",9.75,"Perceived importance of ecosystem services"
"Restoration_Implementation_Index",2.7142857142857144,"Perceived restoration implementation"
"Expected_Outcomes_Index",4.375,"Expected restoration outcomes"
"Public_Support_Index",4.833333333333333,"Public support for restoration"
"Ecosystem_Services_Index",10,"Perceived importance of ecosystem services"
"Expected_Outcomes_Index",4.625,"Expected restoration outcomes"
"Public_Support_Index",3.1666666666666665,"Public support for restoration"
"Ecosystem_Services_Index",10,"Perceived importance of ecosystem services"
"Restoration_Implementation_Index",2.6153846153846154,"Perceived restoration implementation"
"Expected_Outcomes_Index",4,"Expected restoration outcomes"
"Public_Support_Index",3.3333333333333335,"Public support for restoration"
"Ecosystem_Services_Index",9.75,"Perceived importance of ecosystem services"
"Restoration_Implementation_Index",3.5384615384615383,"Perceived restoration implementation"
"Expected_Outcomes_Index",4.066666666666666,"Expected restoration outcomes"
"Public_Support_Index",3.8333333333333335,"Public support for restoration"
"Ecosystem_Services_Index",7.875,"Perceived importance of ecosystem services"
"Restoration_Implementation_Index",2.357142857142857,"Perceived restoration implementation"
"Expected_Outcomes_Index",3.0625,"Expected restoration outcomes"
"Public_Support_Index",2.5,"Public support for restoration"
"Ecosystem_Services_Index",6,"Perceived importance of ecosystem services"
"Public_Support_Index",2.5,"Public support for restoration"
"Ecosystem_Services_Index",8.875,"Perceived importance of ecosystem services"
"Restoration_Implementation_Index",4.666666666666667,"Perceived restoration implementation"
"Expected_Outcomes_Index",4.5,"Expected restoration outcomes"
"Public_Support_Index",4,"Public support for restoration"
"Ecosystem_Services_Index",8.625,"Perceived importance of ecosystem services"
"Restoration_Implementation_Index",3.2857142857142856,"Perceived restoration implementation"
"Expected_Outcomes_Index",3.6875,"Expected restoration outcomes"
"Public_Support_Index",4,"Public support for restoration"
"Ecosystem_Services_Index",8.5,"Perceived importance of ecosystem services"
"Restoration_Implementation_Index",2.9285714285714284,"Perceived restoration implementation"
"Expected_Outcomes_Index",3.5,"Expected restoration outcomes"
"Public_Support_Index",3.1666666666666665,"Public support for restoration"
"Ecosystem_Services_Index",9,"Perceived importance of ecosystem services"
"Expected_Outcomes_Index",4.222222222222222,"Expected restoration outcomes"
"Public_Support_Index",3.8333333333333335,"Public support for restoration"
"Ecosystem_Services_Index",8.25,"Perceived importance of ecosystem services"
"Restoration_Implementation_Index",2.7142857142857144,"Perceived restoration implementation"
"Expected_Outcomes_Index",3.0625,"Expected restoration outcomes"
"Public_Support_Index",3.5,"Public support for restoration"
"Ecosystem_Services_Index",8.25,"Perceived importance of ecosystem services"
"Expected_Outcomes_Index",3.8461538461538463,"Expected restoration outcomes"
"Public_Support_Index",2.5,"Public support for restoration"
"Ecosystem_Services_Index",7.125,"Perceived importance of ecosystem services"
"Restoration_Implementation_Index",2.5,"Perceived restoration implementation"
"Expected_Outcomes_Index",3.25,"Expected restoration outcomes"
"Public_Support_Index",2.3333333333333335,"Public support for restoration"
"Ecosystem_Services_Index",9.25,"Perceived importance of ecosystem services"
"Restoration_Implementation_Index",3.6923076923076925,"Perceived restoration implementation"
"Public_Support_Index",3.1666666666666665,"Public support for restoration"
"Ecosystem_Services_Index",7,"Perceived importance of ecosystem services"
"Expected_Outcomes_Index",4.375,"Expected restoration outcomes"
"Public_Support_Index",4.5,"Public support for restoration"
"Ecosystem_Services_Index",8.125,"Perceived importance of ecosystem services"
"Restoration_Implementation_Index",2.4545454545454546,"Perceived restoration implementation"
"Expected_Outcomes_Index",3.642857142857143,"Expected restoration outcomes"
"Public_Support_Index",3.6666666666666665,"Public support for restoration"
"Ecosystem_Services_Index",9.75,"Perceived importance of ecosystem services"
"Expected_Outcomes_Index",3.888888888888889,"Expected restoration outcomes"
"Public_Support_Index",2.6666666666666665,"Public support for restoration"
"Ecosystem_Services_Index",10,"Perceived importance of ecosystem services"
"Restoration_Implementation_Index",4.714285714285714,"Perceived restoration implementation"
"Expected_Outcomes_Index",4.5625,"Expected restoration outcomes"
"Public_Support_Index",4.5,"Public support for restoration"
"Ecosystem_Services_Index",9.5,"Perceived importance of ecosystem services"
"Restoration_Implementation_Index",3.3,"Perceived restoration implementation"
"Expected_Outcomes_Index",3.5833333333333335,"Expected restoration outcomes"
"Public_Support_Index",3.8333333333333335,"Public support for restoration"
"Ecosystem_Services_Index",9,"Perceived importance of ecosystem services"
"Restoration_Implementation_Index",2.0714285714285716,"Perceived restoration implementation"
"Expected_Outcomes_Index",3.5625,"Expected restoration outcomes"
"Public_Support_Index",3.8333333333333335,"Public support for restoration"
"Ecosystem_Services_Index",8.25,"Perceived importance of ecosystem services"
"Restoration_Implementation_Index",2.9285714285714284,"Perceived restoration implementation"
"Expected_Outcomes_Index",4.5,"Expected restoration outcomes"
"Public_Support_Index",3.6666666666666665,"Public support for restoration"
"Ecosystem_Services_Index",9.5,"Perceived importance of ecosystem services"
"Restoration_Implementation_Index",4.25,"Perceived restoration implementation"
"Expected_Outcomes_Index",4.090909090909091,"Expected restoration outcomes"
"Public_Support_Index",4.333333333333333,"Public support for restoration"
"Ecosystem_Services_Index",7.125,"Perceived importance of ecosystem services"
"Restoration_Implementation_Index",2.75,"Perceived restoration implementation"
"Expected_Outcomes_Index",4,"Expected restoration outcomes"
"Public_Support_Index",3,"Public support for restoration"
"Ecosystem_Services_Index",8.375,"Perceived importance of ecosystem services"
"Restoration_Implementation_Index",4.25,"Perceived restoration implementation"
"Expected_Outcomes_Index",5,"Expected restoration outcomes"
"Public_Support_Index",2,"Public support for restoration"
"Ecosystem_Services_Index",9.5,"Perceived importance of ecosystem services"
"Restoration_Implementation_Index",2.4285714285714284,"Perceived restoration implementation"
"Expected_Outcomes_Index",4.1875,"Expected restoration outcomes"
"Public_Support_Index",3.6666666666666665,"Public support for restoration"
"Ecosystem_Services_Index",7.875,"Perceived importance of ecosystem services"
"Restoration_Implementation_Index",3.4285714285714284,"Perceived restoration implementation"
"Expected_Outcomes_Index",3.375,"Expected restoration outcomes"
"Public_Support_Index",3.1666666666666665,"Public support for restoration"
"Ecosystem_Services_Index",8.75,"Perceived importance of ecosystem services"
"Restoration_Implementation_Index",2.5,"Perceived restoration implementation"
"Expected_Outcomes_Index",3.8125,"Expected restoration outcomes"
"Public_Support_Index",3.1666666666666665,"Public support for restoration"
"Ecosystem_Services_Index",8.75,"Perceived importance of ecosystem services"
"Restoration_Implementation_Index",5,"Perceived restoration implementation"
"Public_Support_Index",3.8333333333333335,"Public support for restoration"
"Ecosystem_Services_Index",5.625,"Perceived importance of ecosystem services"
"Public_Support_Index",3,"Public support for restoration"
"Ecosystem_Services_Index",6.875,"Perceived importance of ecosystem services"
"Public_Support_Index",4.166666666666667,"Public support for restoration"
"Ecosystem_Services_Index",8.125,"Perceived importance of ecosystem services"
"Restoration_Implementation_Index",3.923076923076923,"Perceived restoration implementation"
"Expected_Outcomes_Index",3.8,"Expected restoration outcomes"
"Public_Support_Index",3.6666666666666665,"Public support for restoration"
"Ecosystem_Services_Index",8.875,"Perceived importance of ecosystem services"
"Restoration_Implementation_Index",3.5714285714285716,"Perceived restoration implementation"
"Expected_Outcomes_Index",4.4,"Expected restoration outcomes"
"Public_Support_Index",3.8333333333333335,"Public support for restoration"
"Ecosystem_Services_Index",7.375,"Perceived importance of ecosystem services"
"Restoration_Implementation_Index",3.2142857142857144,"Perceived restoration implementation"
"Expected_Outcomes_Index",3.9375,"Expected restoration outcomes"
"Public_Support_Index",2.8333333333333335,"Public support for restoration"
"Ecosystem_Services_Index",6.625,"Perceived importance of ecosystem services"
"Restoration_Implementation_Index",3.5833333333333335,"Perceived restoration implementation"
"Expected_Outcomes_Index",3.769230769230769,"Expected restoration outcomes"
"Public_Support_Index",2.3333333333333335,"Public support for restoration"
"Ecosystem_Services_Index",9.125,"Perceived importance of ecosystem services"
"Restoration_Implementation_Index",3.7777777777777777,"Perceived restoration implementation"
"Expected_Outcomes_Index",3.9285714285714284,"Expected restoration outcomes"
"Public_Support_Index",3.5,"Public support for restoration"
"Ecosystem_Services_Index",6.5,"Perceived importance of ecosystem services"
"Restoration_Implementation_Index",3.5,"Perceived restoration implementation"
"Expected_Outcomes_Index",4.3125,"Expected restoration outcomes"
"Public_Support_Index",4,"Public support for restoration"
"Ecosystem_Services_Index",8.625,"Perceived importance of ecosystem services"
"Restoration_Implementation_Index",4.076923076923077,"Perceived restoration implementation"
"Expected_Outcomes_Index",4.625,"Expected restoration outcomes"
"Public_Support_Index",4.833333333333333,"Public support for restoration"
"Ecosystem_Services_Index",10,"Perceived importance of ecosystem services"
"Restoration_Implementation_Index",3.111111111111111,"Perceived restoration implementation"
"Expected_Outcomes_Index",4.909090909090909,"Expected restoration outcomes"
"Public_Support_Index",3,"Public support for restoration"
"Ecosystem_Services_Index",7.875,"Perceived importance of ecosystem services"
"Restoration_Implementation_Index",3.6,"Perceived restoration implementation"
"Expected_Outcomes_Index",3.3125,"Expected restoration outcomes"
"Public_Support_Index",3.5,"Public support for restoration"
"Ecosystem_Services_Index",8,"Perceived importance of ecosystem services"
"Restoration_Implementation_Index",3.9285714285714284,"Perceived restoration implementation"
"Public_Support_Index",4,"Public support for restoration"
"Ecosystem_Services_Index",8.75,"Perceived importance of ecosystem services"
"Restoration_Implementation_Index",3.7777777777777777,"Perceived restoration implementation"
"Expected_Outcomes_Index",3.625,"Expected restoration outcomes"
"Public_Support_Index",4.166666666666667,"Public support for restoration"
"Ecosystem_Services_Index",4.875,"Perceived importance of ecosystem services"
"Restoration_Implementation_Index",3.5,"Perceived restoration implementation"
"Expected_Outcomes_Index",3.8125,"Expected restoration outcomes"
"Public_Support_Index",2.8333333333333335,"Public support for restoration"
"Ecosystem_Services_Index",7.75,"Perceived importance of ecosystem services"
"Restoration_Implementation_Index",2.888888888888889,"Perceived restoration implementation"
"Expected_Outcomes_Index",4.083333333333333,"Expected restoration outcomes"
"Public_Support_Index",3.3333333333333335,"Public support for restoration"
